2026-05-16 13:51:24,254 | ERROR | app.main | Database startup connection failed: password authentication failed for user "postgres"
2026-05-16 13:51:24,367 | WARNING | app.websocket.sharekhan_ws | Provider status persistence skipped: password authentication failed for user "postgres"
INFO:     127.0.0.1:55404 - "GET /health HTTP/1.1" 200 OK
INFO:     127.0.0.1:55404 - "GET /api/health/runtime HTTP/1.1" 200 OK
INFO:     127.0.0.1:55404 - "GET /api/websocket/status HTTP/1.1" 200 OK
2026-05-16 13:51:29,500 | WARNING | app.websocket.sharekhan_ws | Provider status persistence skipped: password authentication failed for user "postgres"
2026-05-16 13:51:34,652 | WARNING | app.websocket.sharekhan_ws | Provider status persistence skipped: password authentication failed for user "postgres"
2026-05-16 13:51:39,753 | WARNING | app.websocket.sharekhan_ws | Provider status persistence skipped: password authentication failed for user "postgres"
2026-05-16 13:51:45,405 | WARNING | app.websocket.sharekhan_ws | Provider status persistence skipped: password authentication failed for user "postgres"
2026-05-16 13:51:50,500 | WARNING | app.websocket.sharekhan_ws | Provider status persistence skipped: password authentication failed for user "postgres"
2026-05-16 13:51:55,674 | WARNING | app.websocket.sharekhan_ws | Provider status persistence skipped: password authentication failed for user "postgres"
INFO:     127.0.0.1:55447 - "GET /health HTTP/1.1" 200 OK
2026-05-16 13:52:00,770 | WARNING | app.websocket.sharekhan_ws | Provider status persistence skipped: password authentication failed for user "postgres"
2026-05-16 13:52:05,967 | WARNING | app.websocket.sharekhan_ws | Provider status persistence skipped: password authentication failed for user "postgres"
2026-05-16 13:52:11,048 | WARNING | app.websocket.sharekhan_ws | Provider status persistence skipped: password authentication failed for user "postgres"
2026-05-16 13:52:16,145 | WARNING | app.websocket.sharekhan_ws | Provider status persistence skipped: password authentication failed for user "postgres"
2026-05-16 13:52:21,416 | WARNING | app.websocket.sharekhan_ws | Provider status persistence skipped: password authentication failed for user "postgres"
2026-05-16 13:52:26,526 | WARNING | app.websocket.sharekhan_ws | Provider status persistence skipped: password authentication failed for user "postgres"
2026-05-16 13:52:31,638 | WARNING | app.websocket.sharekhan_ws | Provider status persistence skipped: password authentication failed for user "postgres"
2026-05-16 13:52:36,729 | WARNING | app.websocket.sharekhan_ws | Provider status persistence skipped: password authentication failed for user "postgres"
2026-05-16 13:52:41,848 | WARNING | app.websocket.sharekhan_ws | Provider status persistence skipped: password authentication failed for user "postgres"
2026-05-16 13:52:46,964 | WARNING | app.websocket.sharekhan_ws | Provider status persistence skipped: password authentication failed for user "postgres"
2026-05-16 13:52:52,074 | WARNING | app.websocket.sharekhan_ws | Provider status persistence skipped: password authentication failed for user "postgres"
INFO:     127.0.0.1:49343 - "GET /api/auth/sharekhan/session HTTP/1.1" 200 OK
INFO:     127.0.0.1:49341 - "GET /api/health/runtime HTTP/1.1" 200 OK
INFO:     127.0.0.1:49344 - "GET /api/screener/lightweight HTTP/1.1" 200 OK
2026-05-16 13:52:57,307 | WARNING | app.websocket.sharekhan_ws | Provider status persistence skipped: password authentication failed for user "postgres"
2026-05-16 13:53:03,186 | WARNING | app.websocket.sharekhan_ws | Provider status persistence skipped: password authentication failed for user "postgres"
2026-05-16 13:53:08,311 | WARNING | app.websocket.sharekhan_ws | Provider status persistence skipped: password authentication failed for user "postgres"
2026-05-16 13:53:13,926 | WARNING | app.websocket.sharekhan_ws | Provider status persistence skipped: password authentication failed for user "postgres"
2026-05-16 13:53:19,023 | WARNING | app.websocket.sharekhan_ws | Provider status persistence skipped: password authentication failed for user "postgres"
2026-05-16 13:53:24,123 | WARNING | app.websocket.sharekhan_ws | Provider status persistence skipped: password authentication failed for user "postgres"
2026-05-16 13:53:29,246 | WARNING | app.websocket.sharekhan_ws | Provider status persistence skipped: password authentication failed for user "postgres"
2026-05-16 13:53:34,341 | WARNING | app.websocket.sharekhan_ws | Provider status persistence skipped: password authentication failed for user "postgres"
2026-05-16 13:53:39,431 | WARNING | app.websocket.sharekhan_ws | Provider status persistence skipped: password authentication failed for user "postgres"
2026-05-16 13:53:44,550 | WARNING | app.websocket.sharekhan_ws | Provider status persistence skipped: password authentication failed for user "postgres"
2026-05-16 13:53:49,654 | WARNING | app.websocket.sharekhan_ws | Provider status persistence skipped: password authentication failed for user "postgres"
2026-05-16 13:53:54,758 | WARNING | app.websocket.sharekhan_ws | Provider status persistence skipped: password authentication failed for user "postgres"
2026-05-16 13:53:59,837 | WARNING | app.websocket.sharekhan_ws | Provider status persistence skipped: password authentication failed for user "postgres"
2026-05-16 13:54:04,927 | WARNING | app.websocket.sharekhan_ws | Provider status persistence skipped: password authentication failed for user "postgres"
2026-05-16 13:54:10,577 | WARNING | app.websocket.sharekhan_ws | Provider status persistence skipped: password authentication failed for user "postgres"
2026-05-16 13:54:15,843 | WARNING | app.websocket.sharekhan_ws | Provider status persistence skipped: password authentication failed for user "postgres"
2026-05-16 13:54:20,978 | WARNING | app.websocket.sharekhan_ws | Provider status persistence skipped: password authentication failed for user "postgres"
2026-05-16 13:54:26,098 | WARNING | app.websocket.sharekhan_ws | Provider status persistence skipped: password authentication failed for user "postgres"
2026-05-16 13:54:31,195 | WARNING | app.websocket.sharekhan_ws | Provider status persistence skipped: password authentication failed for user "postgres"
2026-05-16 13:54:36,312 | WARNING | app.websocket.sharekhan_ws | Provider status persistence skipped: password authentication failed for user "postgres"
2026-05-16 13:54:41,475 | WARNING | app.websocket.sharekhan_ws | Provider status persistence skipped: password authentication failed for user "postgres"
2026-05-16 13:54:46,591 | WARNING | app.websocket.sharekhan_ws | Provider status persistence skipped: password authentication failed for user "postgres"
2026-05-16 13:54:51,674 | WARNING | app.websocket.sharekhan_ws | Provider status persistence skipped: password authentication failed for user "postgres"
2026-05-16 13:54:56,876 | WARNING | app.websocket.sharekhan_ws | Provider status persistence skipped: password authentication failed for user "postgres"
2026-05-16 13:55:02,015 | WARNING | app.websocket.sharekhan_ws | Provider status persistence skipped: password authentication failed for user "postgres"
2026-05-16 13:55:07,125 | WARNING | app.websocket.sharekhan_ws | Provider status persistence skipped: password authentication failed for user "postgres"
2026-05-16 13:55:12,250 | WARNING | app.websocket.sharekhan_ws | Provider status persistence skipped: password authentication failed for user "postgres"
2026-05-16 13:55:17,443 | WARNING | app.websocket.sharekhan_ws | Provider status persistence skipped: password authentication failed for user "postgres"
2026-05-16 13:55:22,568 | WARNING | app.websocket.sharekhan_ws | Provider status persistence skipped: password authentication failed for user "postgres"
2026-05-16 13:55:27,669 | WARNING | app.websocket.sharekhan_ws | Provider status persistence skipped: password authentication failed for user "postgres"
2026-05-16 13:55:32,775 | WARNING | app.websocket.sharekhan_ws | Provider status persistence skipped: password authentication failed for user "postgres"
2026-05-16 13:55:37,887 | WARNING | app.websocket.sharekhan_ws | Provider status persistence skipped: password authentication failed for user "postgres"
2026-05-16 13:55:43,092 | WARNING | app.websocket.sharekhan_ws | Provider status persistence skipped: password authentication failed for user "postgres"
2026-05-16 13:55:48,189 | WARNING | app.websocket.sharekhan_ws | Provider status persistence skipped: password authentication failed for user "postgres"
2026-05-16 13:55:53,293 | WARNING | app.websocket.sharekhan_ws | Provider status persistence skipped: password authentication failed for user "postgres"
2026-05-16 13:55:58,391 | WARNING | app.websocket.sharekhan_ws | Provider status persistence skipped: password authentication failed for user "postgres"
2026-05-16 13:56:03,487 | WARNING | app.websocket.sharekhan_ws | Provider status persistence skipped: password authentication failed for user "postgres"
2026-05-16 13:56:08,692 | WARNING | app.websocket.sharekhan_ws | Provider status persistence skipped: password authentication failed for user "postgres"
2026-05-16 13:56:13,816 | WARNING | app.websocket.sharekhan_ws | Provider status persistence skipped: password authentication failed for user "postgres"
2026-05-16 13:56:18,914 | WARNING | app.websocket.sharekhan_ws | Provider status persistence skipped: password authentication failed for user "postgres"
2026-05-16 13:56:24,009 | WARNING | app.websocket.sharekhan_ws | Provider status persistence skipped: password authentication failed for user "postgres"
2026-05-16 13:56:29,104 | WARNING | app.websocket.sharekhan_ws | Provider status persistence skipped: password authentication failed for user "postgres"
2026-05-16 13:56:34,200 | WARNING | app.websocket.sharekhan_ws | Provider status persistence skipped: password authentication failed for user "postgres"
2026-05-16 13:56:39,307 | WARNING | app.websocket.sharekhan_ws | Provider status persistence skipped: password authentication failed for user "postgres"
2026-05-16 13:56:44,420 | WARNING | app.websocket.sharekhan_ws | Provider status persistence skipped: password authentication failed for user "postgres"
2026-05-16 13:56:49,546 | WARNING | app.websocket.sharekhan_ws | Provider status persistence skipped: password authentication failed for user "postgres"
2026-05-16 13:56:54,637 | WARNING | app.websocket.sharekhan_ws | Provider status persistence skipped: password authentication failed for user "postgres"
2026-05-16 13:56:59,739 | WARNING | app.websocket.sharekhan_ws | Provider status persistence skipped: password authentication failed for user "postgres"
2026-05-16 13:57:04,854 | WARNING | app.websocket.sharekhan_ws | Provider status persistence skipped: password authentication failed for user "postgres"
2026-05-16 13:57:09,964 | WARNING | app.websocket.sharekhan_ws | Provider status persistence skipped: password authentication failed for user "postgres"
2026-05-16 13:57:15,073 | WARNING | app.websocket.sharekhan_ws | Provider status persistence skipped: password authentication failed for user "postgres"
2026-05-16 13:57:20,173 | WARNING | app.websocket.sharekhan_ws | Provider status persistence skipped: password authentication failed for user "postgres"
2026-05-16 13:57:25,268 | WARNING | app.websocket.sharekhan_ws | Provider status persistence skipped: password authentication failed for user "postgres"
2026-05-16 13:57:30,358 | WARNING | app.websocket.sharekhan_ws | Provider status persistence skipped: password authentication failed for user "postgres"
2026-05-16 13:57:35,610 | WARNING | app.websocket.sharekhan_ws | Provider status persistence skipped: password authentication failed for user "postgres"
2026-05-16 13:57:40,708 | WARNING | app.websocket.sharekhan_ws | Provider status persistence skipped: password authentication failed for user "postgres"
2026-05-16 13:57:45,815 | WARNING | app.websocket.sharekhan_ws | Provider status persistence skipped: password authentication failed for user "postgres"
2026-05-16 13:57:50,996 | WARNING | app.websocket.sharekhan_ws | Provider status persistence skipped: password authentication failed for user "postgres"
2026-05-16 13:57:56,086 | WARNING | app.websocket.sharekhan_ws | Provider status persistence skipped: password authentication failed for user "postgres"
2026-05-16 13:58:01,191 | WARNING | app.websocket.sharekhan_ws | Provider status persistence skipped: password authentication failed for user "postgres"
2026-05-16 13:58:06,279 | WARNING | app.websocket.sharekhan_ws | Provider status persistence skipped: password authentication failed for user "postgres"
2026-05-16 13:58:11,388 | WARNING | app.websocket.sharekhan_ws | Provider status persistence skipped: password authentication failed for user "postgres"
2026-05-16 13:58:16,625 | WARNING | app.websocket.sharekhan_ws | Provider status persistence skipped: password authentication failed for user "postgres"
2026-05-16 13:58:21,730 | WARNING | app.websocket.sharekhan_ws | Provider status persistence skipped: password authentication failed for user "postgres"
2026-05-16 13:58:26,831 | WARNING | app.websocket.sharekhan_ws | Provider status persistence skipped: password authentication failed for user "postgres"
2026-05-16 13:58:32,046 | WARNING | app.websocket.sharekhan_ws | Provider status persistence skipped: password authentication failed for user "postgres"
2026-05-16 13:58:37,249 | WARNING | app.websocket.sharekhan_ws | Provider status persistence skipped: password authentication failed for user "postgres"
2026-05-16 13:58:42,340 | WARNING | app.websocket.sharekhan_ws | Provider status persistence skipped: password authentication failed for user "postgres"
2026-05-16 13:58:47,568 | WARNING | app.websocket.sharekhan_ws | Provider status persistence skipped: password authentication failed for user "postgres"
2026-05-16 13:58:52,668 | WARNING | app.websocket.sharekhan_ws | Provider status persistence skipped: password authentication failed for user "postgres"
2026-05-16 13:58:57,764 | WARNING | app.websocket.sharekhan_ws | Provider status persistence skipped: password authentication failed for user "postgres"
2026-05-16 13:59:02,963 | WARNING | app.websocket.sharekhan_ws | Provider status persistence skipped: password authentication failed for user "postgres"
2026-05-16 13:59:08,078 | WARNING | app.websocket.sharekhan_ws | Provider status persistence skipped: password authentication failed for user "postgres"
2026-05-16 13:59:13,192 | WARNING | app.websocket.sharekhan_ws | Provider status persistence skipped: password authentication failed for user "postgres"
2026-05-16 13:59:18,287 | WARNING | app.websocket.sharekhan_ws | Provider status persistence skipped: password authentication failed for user "postgres"
2026-05-16 13:59:23,408 | WARNING | app.websocket.sharekhan_ws | Provider status persistence skipped: password authentication failed for user "postgres"
2026-05-16 13:59:28,752 | WARNING | app.websocket.sharekhan_ws | Provider status persistence skipped: password authentication failed for user "postgres"
2026-05-16 13:59:33,970 | WARNING | app.websocket.sharekhan_ws | Provider status persistence skipped: password authentication failed for user "postgres"
2026-05-16 13:59:39,079 | WARNING | app.websocket.sharekhan_ws | Provider status persistence skipped: password authentication failed for user "postgres"
2026-05-16 13:59:44,196 | WARNING | app.websocket.sharekhan_ws | Provider status persistence skipped: password authentication failed for user "postgres"
2026-05-16 13:59:49,867 | WARNING | app.websocket.sharekhan_ws | Provider status persistence skipped: password authentication failed for user "postgres"
2026-05-16 13:59:54,985 | WARNING | app.websocket.sharekhan_ws | Provider status persistence skipped: password authentication failed for user "postgres"
2026-05-16 14:00:00,096 | WARNING | app.websocket.sharekhan_ws | Provider status persistence skipped: password authentication failed for user "postgres"
2026-05-16 14:00:05,317 | WARNING | app.websocket.sharekhan_ws | Provider status persistence skipped: password authentication failed for user "postgres"
2026-05-16 14:00:11,092 | WARNING | app.websocket.sharekhan_ws | Provider status persistence skipped: password authentication failed for user "postgres"
2026-05-16 14:00:16,226 | WARNING | app.websocket.sharekhan_ws | Provider status persistence skipped: password authentication failed for user "postgres"
2026-05-16 14:00:21,354 | WARNING | app.websocket.sharekhan_ws | Provider status persistence skipped: password authentication failed for user "postgres"
2026-05-16 14:00:27,328 | WARNING | app.websocket.sharekhan_ws | Provider status persistence skipped: password authentication failed for user "postgres"
2026-05-16 14:00:32,417 | WARNING | app.websocket.sharekhan_ws | Provider status persistence skipped: password authentication failed for user "postgres"
2026-05-16 14:00:37,827 | WARNING | app.websocket.sharekhan_ws | Provider status persistence skipped: password authentication failed for user "postgres"
2026-05-16 14:00:42,942 | WARNING | app.websocket.sharekhan_ws | Provider status persistence skipped: password authentication failed for user "postgres"
2026-05-16 14:00:48,306 | WARNING | app.websocket.sharekhan_ws | Provider status persistence skipped: password authentication failed for user "postgres"
2026-05-16 14:00:53,514 | WARNING | app.websocket.sharekhan_ws | Provider status persistence skipped: password authentication failed for user "postgres"
2026-05-16 14:00:58,632 | WARNING | app.websocket.sharekhan_ws | Provider status persistence skipped: password authentication failed for user "postgres"
2026-05-16 14:01:03,752 | WARNING | app.websocket.sharekhan_ws | Provider status persistence skipped: password authentication failed for user "postgres"
2026-05-16 14:01:08,862 | WARNING | app.websocket.sharekhan_ws | Provider status persistence skipped: password authentication failed for user "postgres"
2026-05-16 14:01:14,052 | WARNING | app.websocket.sharekhan_ws | Provider status persistence skipped: password authentication failed for user "postgres"
2026-05-16 14:01:19,145 | WARNING | app.websocket.sharekhan_ws | Provider status persistence skipped: password authentication failed for user "postgres"
2026-05-16 14:01:24,243 | WARNING | app.websocket.sharekhan_ws | Provider status persistence skipped: password authentication failed for user "postgres"
2026-05-16 14:01:29,513 | WARNING | app.websocket.sharekhan_ws | Provider status persistence skipped: password authentication failed for user "postgres"
2026-05-16 14:01:34,624 | WARNING | app.websocket.sharekhan_ws | Provider status persistence skipped: password authentication failed for user "postgres"
2026-05-16 14:01:39,722 | WARNING | app.websocket.sharekhan_ws | Provider status persistence skipped: password authentication failed for user "postgres"
2026-05-16 14:01:44,845 | WARNING | app.websocket.sharekhan_ws | Provider status persistence skipped: password authentication failed for user "postgres"
2026-05-16 14:01:49,962 | WARNING | app.websocket.sharekhan_ws | Provider status persistence skipped: password authentication failed for user "postgres"
2026-05-16 14:01:55,059 | WARNING | app.websocket.sharekhan_ws | Provider status persistence skipped: password authentication failed for user "postgres"
2026-05-16 14:02:00,163 | WARNING | app.websocket.sharekhan_ws | Provider status persistence skipped: password authentication failed for user "postgres"
2026-05-16 14:02:05,275 | WARNING | app.websocket.sharekhan_ws | Provider status persistence skipped: password authentication failed for user "postgres"
2026-05-16 14:02:10,427 | WARNING | app.websocket.sharekhan_ws | Provider status persistence skipped: password authentication failed for user "postgres"
2026-05-16 14:02:15,546 | WARNING | app.websocket.sharekhan_ws | Provider status persistence skipped: password authentication failed for user "postgres"
2026-05-16 14:02:20,672 | WARNING | app.websocket.sharekhan_ws | Provider status persistence skipped: password authentication failed for user "postgres"
2026-05-16 14:02:25,767 | WARNING | app.websocket.sharekhan_ws | Provider status persistence skipped: password authentication failed for user "postgres"
2026-05-16 14:02:30,870 | WARNING | app.websocket.sharekhan_ws | Provider status persistence skipped: password authentication failed for user "postgres"
2026-05-16 14:02:35,975 | WARNING | app.websocket.sharekhan_ws | Provider status persistence skipped: password authentication failed for user "postgres"
2026-05-16 14:02:41,081 | WARNING | app.websocket.sharekhan_ws | Provider status persistence skipped: password authentication failed for user "postgres"
2026-05-16 14:02:46,214 | WARNING | app.websocket.sharekhan_ws | Provider status persistence skipped: password authentication failed for user "postgres"
2026-05-16 14:02:51,335 | WARNING | app.websocket.sharekhan_ws | Provider status persistence skipped: password authentication failed for user "postgres"
2026-05-16 14:02:56,635 | WARNING | app.websocket.sharekhan_ws | Provider status persistence skipped: password authentication failed for user "postgres"
2026-05-16 14:03:01,831 | WARNING | app.websocket.sharekhan_ws | Provider status persistence skipped: password authentication failed for user "postgres"
2026-05-16 14:03:06,949 | WARNING | app.websocket.sharekhan_ws | Provider status persistence skipped: password authentication failed for user "postgres"
2026-05-16 14:03:12,033 | WARNING | app.websocket.sharekhan_ws | Provider status persistence skipped: password authentication failed for user "postgres"
2026-05-16 14:03:17,130 | WARNING | app.websocket.sharekhan_ws | Provider status persistence skipped: password authentication failed for user "postgres"
2026-05-16 14:03:22,258 | WARNING | app.websocket.sharekhan_ws | Provider status persistence skipped: password authentication failed for user "postgres"
2026-05-16 14:03:27,374 | WARNING | app.websocket.sharekhan_ws | Provider status persistence skipped: password authentication failed for user "postgres"
2026-05-16 14:03:33,140 | WARNING | app.websocket.sharekhan_ws | Provider status persistence skipped: password authentication failed for user "postgres"
2026-05-16 14:03:38,349 | WARNING | app.websocket.sharekhan_ws | Provider status persistence skipped: password authentication failed for user "postgres"
2026-05-16 14:03:44,056 | WARNING | app.websocket.sharekhan_ws | Provider status persistence skipped: password authentication failed for user "postgres"
2026-05-16 14:03:49,242 | WARNING | app.websocket.sharekhan_ws | Provider status persistence skipped: password authentication failed for user "postgres"
2026-05-16 14:03:54,337 | WARNING | app.websocket.sharekhan_ws | Provider status persistence skipped: password authentication failed for user "postgres"
2026-05-16 14:03:59,443 | WARNING | app.websocket.sharekhan_ws | Provider status persistence skipped: password authentication failed for user "postgres"
2026-05-16 14:04:04,774 | WARNING | app.websocket.sharekhan_ws | Provider status persistence skipped: password authentication failed for user "postgres"
2026-05-16 14:04:09,875 | WARNING | app.websocket.sharekhan_ws | Provider status persistence skipped: password authentication failed for user "postgres"
2026-05-16 14:04:14,985 | WARNING | app.websocket.sharekhan_ws | Provider status persistence skipped: password authentication failed for user "postgres"
2026-05-16 14:04:20,140 | WARNING | app.websocket.sharekhan_ws | Provider status persistence skipped: password authentication failed for user "postgres"
2026-05-16 14:04:25,282 | WARNING | app.websocket.sharekhan_ws | Provider status persistence skipped: password authentication failed for user "postgres"
2026-05-16 14:04:30,516 | WARNING | app.websocket.sharekhan_ws | Provider status persistence skipped: password authentication failed for user "postgres"
2026-05-16 14:04:35,636 | WARNING | app.websocket.sharekhan_ws | Provider status persistence skipped: password authentication failed for user "postgres"
2026-05-16 14:04:41,008 | WARNING | app.websocket.sharekhan_ws | Provider status persistence skipped: password authentication failed for user "postgres"
2026-05-16 14:04:46,101 | WARNING | app.websocket.sharekhan_ws | Provider status persistence skipped: password authentication failed for user "postgres"
2026-05-16 14:04:51,196 | WARNING | app.websocket.sharekhan_ws | Provider status persistence skipped: password authentication failed for user "postgres"
2026-05-16 14:04:56,292 | WARNING | app.websocket.sharekhan_ws | Provider status persistence skipped: password authentication failed for user "postgres"
2026-05-16 14:05:01,522 | WARNING | app.websocket.sharekhan_ws | Provider status persistence skipped: password authentication failed for user "postgres"
2026-05-16 14:05:06,736 | WARNING | app.websocket.sharekhan_ws | Provider status persistence skipped: password authentication failed for user "postgres"
2026-05-16 14:05:12,167 | WARNING | app.websocket.sharekhan_ws | Provider status persistence skipped: password authentication failed for user "postgres"
2026-05-16 14:05:17,262 | WARNING | app.websocket.sharekhan_ws | Provider status persistence skipped: password authentication failed for user "postgres"
2026-05-16 14:05:22,666 | WARNING | app.websocket.sharekhan_ws | Provider status persistence skipped: password authentication failed for user "postgres"
2026-05-16 14:05:27,771 | WARNING | app.websocket.sharekhan_ws | Provider status persistence skipped: password authentication failed for user "postgres"
2026-05-16 14:05:33,315 | WARNING | app.websocket.sharekhan_ws | Provider status persistence skipped: password authentication failed for user "postgres"
2026-05-16 14:05:38,418 | WARNING | app.websocket.sharekhan_ws | Provider status persistence skipped: password authentication failed for user "postgres"
2026-05-16 14:05:43,525 | WARNING | app.websocket.sharekhan_ws | Provider status persistence skipped: password authentication failed for user "postgres"
2026-05-16 14:05:48,728 | WARNING | app.websocket.sharekhan_ws | Provider status persistence skipped: password authentication failed for user "postgres"
2026-05-16 14:05:53,838 | WARNING | app.websocket.sharekhan_ws | Provider status persistence skipped: password authentication failed for user "postgres"
2026-05-16 14:05:58,948 | WARNING | app.websocket.sharekhan_ws | Provider status persistence skipped: password authentication failed for user "postgres"
2026-05-16 14:06:04,102 | WARNING | app.websocket.sharekhan_ws | Provider status persistence skipped: password authentication failed for user "postgres"
2026-05-16 14:06:09,370 | WARNING | app.websocket.sharekhan_ws | Provider status persistence skipped: password authentication failed for user "postgres"
2026-05-16 14:06:14,575 | WARNING | app.websocket.sharekhan_ws | Provider status persistence skipped: password authentication failed for user "postgres"
2026-05-16 14:06:19,704 | WARNING | app.websocket.sharekhan_ws | Provider status persistence skipped: password authentication failed for user "postgres"
2026-05-16 14:06:24,918 | WARNING | app.websocket.sharekhan_ws | Provider status persistence skipped: password authentication failed for user "postgres"
2026-05-16 14:06:30,043 | WARNING | app.websocket.sharekhan_ws | Provider status persistence skipped: password authentication failed for user "postgres"
2026-05-16 14:06:35,273 | WARNING | app.websocket.sharekhan_ws | Provider status persistence skipped: password authentication failed for user "postgres"
2026-05-16 14:06:40,737 | WARNING | app.websocket.sharekhan_ws | Provider status persistence skipped: password authentication failed for user "postgres"
2026-05-16 14:06:46,103 | WARNING | app.websocket.sharekhan_ws | Provider status persistence skipped: password authentication failed for user "postgres"
2026-05-16 14:06:51,289 | WARNING | app.websocket.sharekhan_ws | Provider status persistence skipped: password authentication failed for user "postgres"
2026-05-16 14:06:56,434 | WARNING | app.websocket.sharekhan_ws | Provider status persistence skipped: password authentication failed for user "postgres"
2026-05-16 14:07:01,608 | WARNING | app.websocket.sharekhan_ws | Provider status persistence skipped: password authentication failed for user "postgres"
2026-05-16 14:07:06,722 | WARNING | app.websocket.sharekhan_ws | Provider status persistence skipped: password authentication failed for user "postgres"
2026-05-16 14:07:11,830 | WARNING | app.websocket.sharekhan_ws | Provider status persistence skipped: password authentication failed for user "postgres"
2026-05-16 14:07:16,955 | WARNING | app.websocket.sharekhan_ws | Provider status persistence skipped: password authentication failed for user "postgres"
2026-05-16 14:07:22,187 | WARNING | app.websocket.sharekhan_ws | Provider status persistence skipped: password authentication failed for user "postgres"
2026-05-16 14:07:27,307 | WARNING | app.websocket.sharekhan_ws | Provider status persistence skipped: password authentication failed for user "postgres"
2026-05-16 14:07:32,445 | WARNING | app.websocket.sharekhan_ws | Provider status persistence skipped: password authentication failed for user "postgres"
2026-05-16 14:07:37,576 | WARNING | app.websocket.sharekhan_ws | Provider status persistence skipped: password authentication failed for user "postgres"
2026-05-16 14:07:42,794 | WARNING | app.websocket.sharekhan_ws | Provider status persistence skipped: password authentication failed for user "postgres"
2026-05-16 14:07:47,924 | WARNING | app.websocket.sharekhan_ws | Provider status persistence skipped: password authentication failed for user "postgres"
2026-05-16 14:07:53,030 | WARNING | app.websocket.sharekhan_ws | Provider status persistence skipped: password authentication failed for user "postgres"
2026-05-16 14:07:58,128 | WARNING | app.websocket.sharekhan_ws | Provider status persistence skipped: password authentication failed for user "postgres"
2026-05-16 14:08:03,233 | WARNING | app.websocket.sharekhan_ws | Provider status persistence skipped: password authentication failed for user "postgres"
2026-05-16 14:08:08,341 | WARNING | app.websocket.sharekhan_ws | Provider status persistence skipped: password authentication failed for user "postgres"
2026-05-16 14:08:13,589 | WARNING | app.websocket.sharekhan_ws | Provider status persistence skipped: password authentication failed for user "postgres"
2026-05-16 14:08:18,743 | WARNING | app.websocket.sharekhan_ws | Provider status persistence skipped: password authentication failed for user "postgres"
2026-05-16 14:08:23,846 | WARNING | app.websocket.sharekhan_ws | Provider status persistence skipped: password authentication failed for user "postgres"
2026-05-16 14:08:29,062 | WARNING | app.websocket.sharekhan_ws | Provider status persistence skipped: password authentication failed for user "postgres"
2026-05-16 14:08:34,168 | WARNING | app.websocket.sharekhan_ws | Provider status persistence skipped: password authentication failed for user "postgres"
2026-05-16 14:08:39,610 | WARNING | app.websocket.sharekhan_ws | Provider status persistence skipped: password authentication failed for user "postgres"
2026-05-16 14:08:44,827 | WARNING | app.websocket.sharekhan_ws | Provider status persistence skipped: password authentication failed for user "postgres"
2026-05-16 14:08:49,930 | WARNING | app.websocket.sharekhan_ws | Provider status persistence skipped: password authentication failed for user "postgres"
2026-05-16 14:08:55,054 | WARNING | app.websocket.sharekhan_ws | Provider status persistence skipped: password authentication failed for user "postgres"
2026-05-16 14:09:00,168 | WARNING | app.websocket.sharekhan_ws | Provider status persistence skipped: password authentication failed for user "postgres"
2026-05-16 14:09:05,391 | WARNING | app.websocket.sharekhan_ws | Provider status persistence skipped: password authentication failed for user "postgres"
2026-05-16 14:09:10,501 | WARNING | app.websocket.sharekhan_ws | Provider status persistence skipped: password authentication failed for user "postgres"
2026-05-16 14:09:15,634 | WARNING | app.websocket.sharekhan_ws | Provider status persistence skipped: password authentication failed for user "postgres"
2026-05-16 14:09:20,746 | WARNING | app.websocket.sharekhan_ws | Provider status persistence skipped: password authentication failed for user "postgres"
2026-05-16 14:09:25,905 | WARNING | app.websocket.sharekhan_ws | Provider status persistence skipped: password authentication failed for user "postgres"
2026-05-16 14:09:31,036 | WARNING | app.websocket.sharekhan_ws | Provider status persistence skipped: password authentication failed for user "postgres"
2026-05-16 14:09:36,157 | WARNING | app.websocket.sharekhan_ws | Provider status persistence skipped: password authentication failed for user "postgres"
2026-05-16 14:09:41,271 | WARNING | app.websocket.sharekhan_ws | Provider status persistence skipped: password authentication failed for user "postgres"
2026-05-16 14:09:46,394 | WARNING | app.websocket.sharekhan_ws | Provider status persistence skipped: password authentication failed for user "postgres"
2026-05-16 14:09:51,514 | WARNING | app.websocket.sharekhan_ws | Provider status persistence skipped: password authentication failed for user "postgres"
2026-05-16 14:09:56,628 | WARNING | app.websocket.sharekhan_ws | Provider status persistence skipped: password authentication failed for user "postgres"
2026-05-16 14:10:01,746 | WARNING | app.websocket.sharekhan_ws | Provider status persistence skipped: password authentication failed for user "postgres"
2026-05-16 14:10:06,848 | WARNING | app.websocket.sharekhan_ws | Provider status persistence skipped: password authentication failed for user "postgres"
2026-05-16 14:10:11,953 | WARNING | app.websocket.sharekhan_ws | Provider status persistence skipped: password authentication failed for user "postgres"
2026-05-16 14:10:17,092 | WARNING | app.websocket.sharekhan_ws | Provider status persistence skipped: password authentication failed for user "postgres"
2026-05-16 14:10:22,210 | WARNING | app.websocket.sharekhan_ws | Provider status persistence skipped: password authentication failed for user "postgres"
2026-05-16 14:10:27,307 | WARNING | app.websocket.sharekhan_ws | Provider status persistence skipped: password authentication failed for user "postgres"
2026-05-16 14:10:32,411 | WARNING | app.websocket.sharekhan_ws | Provider status persistence skipped: password authentication failed for user "postgres"
2026-05-16 14:10:37,510 | WARNING | app.websocket.sharekhan_ws | Provider status persistence skipped: password authentication failed for user "postgres"
2026-05-16 14:10:42,620 | WARNING | app.websocket.sharekhan_ws | Provider status persistence skipped: password authentication failed for user "postgres"
2026-05-16 14:10:47,743 | WARNING | app.websocket.sharekhan_ws | Provider status persistence skipped: password authentication failed for user "postgres"
2026-05-16 14:10:52,958 | WARNING | app.websocket.sharekhan_ws | Provider status persistence skipped: password authentication failed for user "postgres"
2026-05-16 14:10:58,109 | WARNING | app.websocket.sharekhan_ws | Provider status persistence skipped: password authentication failed for user "postgres"
2026-05-16 14:11:03,393 | WARNING | app.websocket.sharekhan_ws | Provider status persistence skipped: password authentication failed for user "postgres"
2026-05-16 14:11:08,752 | WARNING | app.websocket.sharekhan_ws | Provider status persistence skipped: password authentication failed for user "postgres"
2026-05-16 14:11:13,881 | WARNING | app.websocket.sharekhan_ws | Provider status persistence skipped: password authentication failed for user "postgres"
2026-05-16 14:11:18,997 | WARNING | app.websocket.sharekhan_ws | Provider status persistence skipped: password authentication failed for user "postgres"
2026-05-16 14:11:24,131 | WARNING | app.websocket.sharekhan_ws | Provider status persistence skipped: password authentication failed for user "postgres"
2026-05-16 14:11:29,242 | WARNING | app.websocket.sharekhan_ws | Provider status persistence skipped: password authentication failed for user "postgres"
2026-05-16 14:11:34,503 | WARNING | app.websocket.sharekhan_ws | Provider status persistence skipped: password authentication failed for user "postgres"
2026-05-16 14:11:39,610 | WARNING | app.websocket.sharekhan_ws | Provider status persistence skipped: password authentication failed for user "postgres"
2026-05-16 14:11:44,749 | WARNING | app.websocket.sharekhan_ws | Provider status persistence skipped: password authentication failed for user "postgres"
2026-05-16 14:11:49,891 | WARNING | app.websocket.sharekhan_ws | Provider status persistence skipped: password authentication failed for user "postgres"
2026-05-16 14:11:54,996 | WARNING | app.websocket.sharekhan_ws | Provider status persistence skipped: password authentication failed for user "postgres"
2026-05-16 14:12:00,105 | WARNING | app.websocket.sharekhan_ws | Provider status persistence skipped: password authentication failed for user "postgres"
2026-05-16 14:12:05,213 | WARNING | app.websocket.sharekhan_ws | Provider status persistence skipped: password authentication failed for user "postgres"
2026-05-16 14:12:10,313 | WARNING | app.websocket.sharekhan_ws | Provider status persistence skipped: password authentication failed for user "postgres"
2026-05-16 14:12:15,431 | WARNING | app.websocket.sharekhan_ws | Provider status persistence skipped: password authentication failed for user "postgres"
2026-05-16 14:12:20,542 | WARNING | app.websocket.sharekhan_ws | Provider status persistence skipped: password authentication failed for user "postgres"
2026-05-16 14:12:25,642 | WARNING | app.websocket.sharekhan_ws | Provider status persistence skipped: password authentication failed for user "postgres"
2026-05-16 14:12:30,752 | WARNING | app.websocket.sharekhan_ws | Provider status persistence skipped: password authentication failed for user "postgres"
2026-05-16 14:12:35,864 | WARNING | app.websocket.sharekhan_ws | Provider status persistence skipped: password authentication failed for user "postgres"
2026-05-16 14:12:40,974 | WARNING | app.websocket.sharekhan_ws | Provider status persistence skipped: password authentication failed for user "postgres"
2026-05-16 14:12:46,080 | WARNING | app.websocket.sharekhan_ws | Provider status persistence skipped: password authentication failed for user "postgres"
2026-05-16 14:12:51,189 | WARNING | app.websocket.sharekhan_ws | Provider status persistence skipped: password authentication failed for user "postgres"
2026-05-16 14:12:56,317 | WARNING | app.websocket.sharekhan_ws | Provider status persistence skipped: password authentication failed for user "postgres"
2026-05-16 14:13:01,430 | WARNING | app.websocket.sharekhan_ws | Provider status persistence skipped: password authentication failed for user "postgres"
2026-05-16 14:13:06,522 | WARNING | app.websocket.sharekhan_ws | Provider status persistence skipped: password authentication failed for user "postgres"
2026-05-16 14:13:12,137 | WARNING | app.websocket.sharekhan_ws | Provider status persistence skipped: password authentication failed for user "postgres"
2026-05-16 14:13:17,232 | WARNING | app.websocket.sharekhan_ws | Provider status persistence skipped: password authentication failed for user "postgres"
2026-05-16 14:13:22,392 | WARNING | app.websocket.sharekhan_ws | Provider status persistence skipped: password authentication failed for user "postgres"
2026-05-16 14:13:27,518 | WARNING | app.websocket.sharekhan_ws | Provider status persistence skipped: password authentication failed for user "postgres"
2026-05-16 14:13:32,622 | WARNING | app.websocket.sharekhan_ws | Provider status persistence skipped: password authentication failed for user "postgres"
2026-05-16 14:13:37,742 | WARNING | app.websocket.sharekhan_ws | Provider status persistence skipped: password authentication failed for user "postgres"
2026-05-16 14:13:42,911 | WARNING | app.websocket.sharekhan_ws | Provider status persistence skipped: password authentication failed for user "postgres"
2026-05-16 14:13:48,055 | WARNING | app.websocket.sharekhan_ws | Provider status persistence skipped: password authentication failed for user "postgres"
2026-05-16 14:13:53,182 | WARNING | app.websocket.sharekhan_ws | Provider status persistence skipped: password authentication failed for user "postgres"
2026-05-16 14:13:58,291 | WARNING | app.websocket.sharekhan_ws | Provider status persistence skipped: password authentication failed for user "postgres"
2026-05-16 14:14:03,435 | WARNING | app.websocket.sharekhan_ws | Provider status persistence skipped: password authentication failed for user "postgres"
2026-05-16 14:14:08,619 | WARNING | app.websocket.sharekhan_ws | Provider status persistence skipped: password authentication failed for user "postgres"
2026-05-16 14:14:13,730 | WARNING | app.websocket.sharekhan_ws | Provider status persistence skipped: password authentication failed for user "postgres"
2026-05-16 14:14:18,971 | WARNING | app.websocket.sharekhan_ws | Provider status persistence skipped: password authentication failed for user "postgres"
2026-05-16 14:14:24,102 | WARNING | app.websocket.sharekhan_ws | Provider status persistence skipped: password authentication failed for user "postgres"
2026-05-16 14:14:29,223 | WARNING | app.websocket.sharekhan_ws | Provider status persistence skipped: password authentication failed for user "postgres"
2026-05-16 14:14:34,518 | WARNING | app.websocket.sharekhan_ws | Provider status persistence skipped: password authentication failed for user "postgres"
2026-05-16 14:14:39,622 | WARNING | app.websocket.sharekhan_ws | Provider status persistence skipped: password authentication failed for user "postgres"
2026-05-16 14:14:44,719 | WARNING | app.websocket.sharekhan_ws | Provider status persistence skipped: password authentication failed for user "postgres"
2026-05-16 14:14:49,859 | WARNING | app.websocket.sharekhan_ws | Provider status persistence skipped: password authentication failed for user "postgres"
2026-05-16 14:14:54,973 | WARNING | app.websocket.sharekhan_ws | Provider status persistence skipped: password authentication failed for user "postgres"
2026-05-16 14:15:00,070 | WARNING | app.websocket.sharekhan_ws | Provider status persistence skipped: password authentication failed for user "postgres"
2026-05-16 14:15:05,178 | WARNING | app.websocket.sharekhan_ws | Provider status persistence skipped: password authentication failed for user "postgres"
2026-05-16 14:15:10,308 | WARNING | app.websocket.sharekhan_ws | Provider status persistence skipped: password authentication failed for user "postgres"
2026-05-16 14:15:15,410 | WARNING | app.websocket.sharekhan_ws | Provider status persistence skipped: password authentication failed for user "postgres"
2026-05-16 14:15:20,526 | WARNING | app.websocket.sharekhan_ws | Provider status persistence skipped: password authentication failed for user "postgres"
2026-05-16 14:15:25,642 | WARNING | app.websocket.sharekhan_ws | Provider status persistence skipped: password authentication failed for user "postgres"
2026-05-16 14:15:30,838 | WARNING | app.websocket.sharekhan_ws | Provider status persistence skipped: password authentication failed for user "postgres"
2026-05-16 14:15:35,934 | WARNING | app.websocket.sharekhan_ws | Provider status persistence skipped: password authentication failed for user "postgres"
2026-05-16 14:15:41,026 | WARNING | app.websocket.sharekhan_ws | Provider status persistence skipped: password authentication failed for user "postgres"
2026-05-16 14:15:46,127 | WARNING | app.websocket.sharekhan_ws | Provider status persistence skipped: password authentication failed for user "postgres"
2026-05-16 14:15:51,222 | WARNING | app.websocket.sharekhan_ws | Provider status persistence skipped: password authentication failed for user "postgres"
2026-05-16 14:15:56,344 | WARNING | app.websocket.sharekhan_ws | Provider status persistence skipped: password authentication failed for user "postgres"
2026-05-16 14:16:01,452 | WARNING | app.websocket.sharekhan_ws | Provider status persistence skipped: password authentication failed for user "postgres"
2026-05-16 14:16:06,575 | WARNING | app.websocket.sharekhan_ws | Provider status persistence skipped: password authentication failed for user "postgres"
2026-05-16 14:16:11,665 | WARNING | app.websocket.sharekhan_ws | Provider status persistence skipped: password authentication failed for user "postgres"
2026-05-16 14:16:16,827 | WARNING | app.websocket.sharekhan_ws | Provider status persistence skipped: password authentication failed for user "postgres"
2026-05-16 14:16:21,954 | WARNING | app.websocket.sharekhan_ws | Provider status persistence skipped: password authentication failed for user "postgres"
2026-05-16 14:16:27,084 | WARNING | app.websocket.sharekhan_ws | Provider status persistence skipped: password authentication failed for user "postgres"
2026-05-16 14:16:32,193 | WARNING | app.websocket.sharekhan_ws | Provider status persistence skipped: password authentication failed for user "postgres"
2026-05-16 14:16:37,328 | WARNING | app.websocket.sharekhan_ws | Provider status persistence skipped: password authentication failed for user "postgres"
2026-05-16 14:16:42,446 | WARNING | app.websocket.sharekhan_ws | Provider status persistence skipped: password authentication failed for user "postgres"
2026-05-16 14:16:47,651 | WARNING | app.websocket.sharekhan_ws | Provider status persistence skipped: password authentication failed for user "postgres"
2026-05-16 14:16:52,885 | WARNING | app.websocket.sharekhan_ws | Provider status persistence skipped: password authentication failed for user "postgres"
2026-05-16 14:16:58,013 | WARNING | app.websocket.sharekhan_ws | Provider status persistence skipped: password authentication failed for user "postgres"
2026-05-16 14:17:03,107 | WARNING | app.websocket.sharekhan_ws | Provider status persistence skipped: password authentication failed for user "postgres"
2026-05-16 14:17:08,240 | WARNING | app.websocket.sharekhan_ws | Provider status persistence skipped: password authentication failed for user "postgres"
2026-05-16 14:17:13,336 | WARNING | app.websocket.sharekhan_ws | Provider status persistence skipped: password authentication failed for user "postgres"
2026-05-16 14:17:18,479 | WARNING | app.websocket.sharekhan_ws | Provider status persistence skipped: password authentication failed for user "postgres"
2026-05-16 14:17:23,596 | WARNING | app.websocket.sharekhan_ws | Provider status persistence skipped: password authentication failed for user "postgres"
2026-05-16 14:17:29,030 | WARNING | app.websocket.sharekhan_ws | Provider status persistence skipped: password authentication failed for user "postgres"
2026-05-16 14:17:34,224 | WARNING | app.websocket.sharekhan_ws | Provider status persistence skipped: password authentication failed for user "postgres"
2026-05-16 14:17:39,437 | WARNING | app.websocket.sharekhan_ws | Provider status persistence skipped: password authentication failed for user "postgres"
2026-05-16 14:17:44,547 | WARNING | app.websocket.sharekhan_ws | Provider status persistence skipped: password authentication failed for user "postgres"
2026-05-16 14:17:49,645 | WARNING | app.websocket.sharekhan_ws | Provider status persistence skipped: password authentication failed for user "postgres"
2026-05-16 14:17:54,760 | WARNING | app.websocket.sharekhan_ws | Provider status persistence skipped: password authentication failed for user "postgres"
2026-05-16 14:17:59,976 | WARNING | app.websocket.sharekhan_ws | Provider status persistence skipped: password authentication failed for user "postgres"
2026-05-16 14:18:05,086 | WARNING | app.websocket.sharekhan_ws | Provider status persistence skipped: password authentication failed for user "postgres"
2026-05-16 14:18:10,194 | WARNING | app.websocket.sharekhan_ws | Provider status persistence skipped: password authentication failed for user "postgres"
2026-05-16 14:18:15,308 | WARNING | app.websocket.sharekhan_ws | Provider status persistence skipped: password authentication failed for user "postgres"
2026-05-16 14:18:20,433 | WARNING | app.websocket.sharekhan_ws | Provider status persistence skipped: password authentication failed for user "postgres"
2026-05-16 14:18:25,545 | WARNING | app.websocket.sharekhan_ws | Provider status persistence skipped: password authentication failed for user "postgres"
2026-05-16 14:18:30,666 | WARNING | app.websocket.sharekhan_ws | Provider status persistence skipped: password authentication failed for user "postgres"
2026-05-16 14:18:35,839 | WARNING | app.websocket.sharekhan_ws | Provider status persistence skipped: password authentication failed for user "postgres"
2026-05-16 14:18:41,068 | WARNING | app.websocket.sharekhan_ws | Provider status persistence skipped: password authentication failed for user "postgres"
2026-05-16 14:18:46,194 | WARNING | app.websocket.sharekhan_ws | Provider status persistence skipped: password authentication failed for user "postgres"
2026-05-16 14:18:51,284 | WARNING | app.websocket.sharekhan_ws | Provider status persistence skipped: password authentication failed for user "postgres"
2026-05-16 14:18:56,391 | WARNING | app.websocket.sharekhan_ws | Provider status persistence skipped: password authentication failed for user "postgres"
2026-05-16 14:19:01,488 | WARNING | app.websocket.sharekhan_ws | Provider status persistence skipped: password authentication failed for user "postgres"
2026-05-16 14:19:06,590 | WARNING | app.websocket.sharekhan_ws | Provider status persistence skipped: password authentication failed for user "postgres"
2026-05-16 14:19:11,715 | WARNING | app.websocket.sharekhan_ws | Provider status persistence skipped: password authentication failed for user "postgres"
2026-05-16 14:19:16,838 | WARNING | app.websocket.sharekhan_ws | Provider status persistence skipped: password authentication failed for user "postgres"
2026-05-16 14:19:21,968 | WARNING | app.websocket.sharekhan_ws | Provider status persistence skipped: password authentication failed for user "postgres"
2026-05-16 14:19:27,089 | WARNING | app.websocket.sharekhan_ws | Provider status persistence skipped: password authentication failed for user "postgres"
2026-05-16 14:19:32,225 | WARNING | app.websocket.sharekhan_ws | Provider status persistence skipped: password authentication failed for user "postgres"
2026-05-16 14:19:37,335 | WARNING | app.websocket.sharekhan_ws | Provider status persistence skipped: password authentication failed for user "postgres"
2026-05-16 14:19:42,578 | WARNING | app.websocket.sharekhan_ws | Provider status persistence skipped: password authentication failed for user "postgres"
2026-05-16 14:19:47,688 | WARNING | app.websocket.sharekhan_ws | Provider status persistence skipped: password authentication failed for user "postgres"
2026-05-16 14:19:52,799 | WARNING | app.websocket.sharekhan_ws | Provider status persistence skipped: password authentication failed for user "postgres"
2026-05-16 14:19:58,011 | WARNING | app.websocket.sharekhan_ws | Provider status persistence skipped: password authentication failed for user "postgres"
2026-05-16 14:20:03,107 | WARNING | app.websocket.sharekhan_ws | Provider status persistence skipped: password authentication failed for user "postgres"
2026-05-16 14:20:08,194 | WARNING | app.websocket.sharekhan_ws | Provider status persistence skipped: password authentication failed for user "postgres"
2026-05-16 14:20:13,382 | WARNING | app.websocket.sharekhan_ws | Provider status persistence skipped: password authentication failed for user "postgres"
2026-05-16 14:20:18,507 | WARNING | app.websocket.sharekhan_ws | Provider status persistence skipped: password authentication failed for user "postgres"
2026-05-16 14:20:23,622 | WARNING | app.websocket.sharekhan_ws | Provider status persistence skipped: password authentication failed for user "postgres"
2026-05-16 14:20:28,720 | WARNING | app.websocket.sharekhan_ws | Provider status persistence skipped: password authentication failed for user "postgres"
2026-05-16 14:20:33,829 | WARNING | app.websocket.sharekhan_ws | Provider status persistence skipped: password authentication failed for user "postgres"
2026-05-16 14:20:38,945 | WARNING | app.websocket.sharekhan_ws | Provider status persistence skipped: password authentication failed for user "postgres"
2026-05-16 14:20:44,057 | WARNING | app.websocket.sharekhan_ws | Provider status persistence skipped: password authentication failed for user "postgres"
2026-05-16 14:20:49,200 | WARNING | app.websocket.sharekhan_ws | Provider status persistence skipped: password authentication failed for user "postgres"
2026-05-16 14:20:54,343 | WARNING | app.websocket.sharekhan_ws | Provider status persistence skipped: password authentication failed for user "postgres"
2026-05-16 14:20:59,543 | WARNING | app.websocket.sharekhan_ws | Provider status persistence skipped: password authentication failed for user "postgres"
2026-05-16 14:21:04,642 | WARNING | app.websocket.sharekhan_ws | Provider status persistence skipped: password authentication failed for user "postgres"
2026-05-16 14:21:09,771 | WARNING | app.websocket.sharekhan_ws | Provider status persistence skipped: password authentication failed for user "postgres"
2026-05-16 14:21:14,905 | WARNING | app.websocket.sharekhan_ws | Provider status persistence skipped: password authentication failed for user "postgres"
2026-05-16 14:21:20,061 | WARNING | app.websocket.sharekhan_ws | Provider status persistence skipped: password authentication failed for user "postgres"
2026-05-16 14:21:25,175 | WARNING | app.websocket.sharekhan_ws | Provider status persistence skipped: password authentication failed for user "postgres"
2026-05-16 14:21:30,303 | WARNING | app.websocket.sharekhan_ws | Provider status persistence skipped: password authentication failed for user "postgres"
2026-05-16 14:21:35,535 | WARNING | app.websocket.sharekhan_ws | Provider status persistence skipped: password authentication failed for user "postgres"
2026-05-16 14:21:40,638 | WARNING | app.websocket.sharekhan_ws | Provider status persistence skipped: password authentication failed for user "postgres"
2026-05-16 14:21:45,855 | WARNING | app.websocket.sharekhan_ws | Provider status persistence skipped: password authentication failed for user "postgres"
2026-05-16 14:21:51,084 | WARNING | app.websocket.sharekhan_ws | Provider status persistence skipped: password authentication failed for user "postgres"
2026-05-16 14:21:56,298 | WARNING | app.websocket.sharekhan_ws | Provider status persistence skipped: password authentication failed for user "postgres"
2026-05-16 14:22:02,235 | WARNING | app.websocket.sharekhan_ws | Provider status persistence skipped: password authentication failed for user "postgres"
2026-05-16 14:22:07,337 | WARNING | app.websocket.sharekhan_ws | Provider status persistence skipped: password authentication failed for user "postgres"
2026-05-16 14:22:12,439 | WARNING | app.websocket.sharekhan_ws | Provider status persistence skipped: password authentication failed for user "postgres"
2026-05-16 14:22:17,668 | WARNING | app.websocket.sharekhan_ws | Provider status persistence skipped: password authentication failed for user "postgres"
2026-05-16 14:22:22,772 | WARNING | app.websocket.sharekhan_ws | Provider status persistence skipped: password authentication failed for user "postgres"
2026-05-16 14:22:27,877 | WARNING | app.websocket.sharekhan_ws | Provider status persistence skipped: password authentication failed for user "postgres"
2026-05-16 14:22:32,982 | WARNING | app.websocket.sharekhan_ws | Provider status persistence skipped: password authentication failed for user "postgres"
2026-05-16 14:22:38,083 | WARNING | app.websocket.sharekhan_ws | Provider status persistence skipped: password authentication failed for user "postgres"
2026-05-16 14:22:43,219 | WARNING | app.websocket.sharekhan_ws | Provider status persistence skipped: password authentication failed for user "postgres"
2026-05-16 14:22:48,315 | WARNING | app.websocket.sharekhan_ws | Provider status persistence skipped: password authentication failed for user "postgres"
2026-05-16 14:22:53,419 | WARNING | app.websocket.sharekhan_ws | Provider status persistence skipped: password authentication failed for user "postgres"
2026-05-16 14:22:58,654 | WARNING | app.websocket.sharekhan_ws | Provider status persistence skipped: password authentication failed for user "postgres"
2026-05-16 14:23:03,759 | WARNING | app.websocket.sharekhan_ws | Provider status persistence skipped: password authentication failed for user "postgres"
2026-05-16 14:23:08,869 | WARNING | app.websocket.sharekhan_ws | Provider status persistence skipped: password authentication failed for user "postgres"
2026-05-16 14:23:14,011 | WARNING | app.websocket.sharekhan_ws | Provider status persistence skipped: password authentication failed for user "postgres"
2026-05-16 14:23:19,209 | WARNING | app.websocket.sharekhan_ws | Provider status persistence skipped: password authentication failed for user "postgres"
2026-05-16 14:23:24,318 | WARNING | app.websocket.sharekhan_ws | Provider status persistence skipped: password authentication failed for user "postgres"
2026-05-16 14:23:29,420 | WARNING | app.websocket.sharekhan_ws | Provider status persistence skipped: password authentication failed for user "postgres"
2026-05-16 14:23:34,533 | WARNING | app.websocket.sharekhan_ws | Provider status persistence skipped: password authentication failed for user "postgres"
2026-05-16 14:23:39,650 | WARNING | app.websocket.sharekhan_ws | Provider status persistence skipped: password authentication failed for user "postgres"
2026-05-16 14:23:44,855 | WARNING | app.websocket.sharekhan_ws | Provider status persistence skipped: password authentication failed for user "postgres"
2026-05-16 14:23:50,018 | WARNING | app.websocket.sharekhan_ws | Provider status persistence skipped: password authentication failed for user "postgres"
2026-05-16 14:23:55,124 | WARNING | app.websocket.sharekhan_ws | Provider status persistence skipped: password authentication failed for user "postgres"
2026-05-16 14:24:00,224 | WARNING | app.websocket.sharekhan_ws | Provider status persistence skipped: password authentication failed for user "postgres"
2026-05-16 14:24:05,423 | WARNING | app.websocket.sharekhan_ws | Provider status persistence skipped: password authentication failed for user "postgres"
2026-05-16 14:24:10,532 | WARNING | app.websocket.sharekhan_ws | Provider status persistence skipped: password authentication failed for user "postgres"
2026-05-16 14:24:15,727 | WARNING | app.websocket.sharekhan_ws | Provider status persistence skipped: password authentication failed for user "postgres"
2026-05-16 14:24:20,936 | WARNING | app.websocket.sharekhan_ws | Provider status persistence skipped: password authentication failed for user "postgres"
2026-05-16 14:24:26,047 | WARNING | app.websocket.sharekhan_ws | Provider status persistence skipped: password authentication failed for user "postgres"
2026-05-16 14:24:31,157 | WARNING | app.websocket.sharekhan_ws | Provider status persistence skipped: password authentication failed for user "postgres"
2026-05-16 14:24:36,259 | WARNING | app.websocket.sharekhan_ws | Provider status persistence skipped: password authentication failed for user "postgres"
2026-05-16 14:24:41,368 | WARNING | app.websocket.sharekhan_ws | Provider status persistence skipped: password authentication failed for user "postgres"
2026-05-16 14:24:46,486 | WARNING | app.websocket.sharekhan_ws | Provider status persistence skipped: password authentication failed for user "postgres"
2026-05-16 14:24:51,620 | WARNING | app.websocket.sharekhan_ws | Provider status persistence skipped: password authentication failed for user "postgres"
2026-05-16 14:24:56,713 | WARNING | app.websocket.sharekhan_ws | Provider status persistence skipped: password authentication failed for user "postgres"
2026-05-16 14:25:01,968 | WARNING | app.websocket.sharekhan_ws | Provider status persistence skipped: password authentication failed for user "postgres"
2026-05-16 14:25:07,069 | WARNING | app.websocket.sharekhan_ws | Provider status persistence skipped: password authentication failed for user "postgres"
2026-05-16 14:25:12,272 | WARNING | app.websocket.sharekhan_ws | Provider status persistence skipped: password authentication failed for user "postgres"
2026-05-16 14:25:17,531 | WARNING | app.websocket.sharekhan_ws | Provider status persistence skipped: password authentication failed for user "postgres"
2026-05-16 14:25:22,636 | WARNING | app.websocket.sharekhan_ws | Provider status persistence skipped: password authentication failed for user "postgres"
2026-05-16 14:25:27,743 | WARNING | app.websocket.sharekhan_ws | Provider status persistence skipped: password authentication failed for user "postgres"
2026-05-16 14:25:32,842 | WARNING | app.websocket.sharekhan_ws | Provider status persistence skipped: password authentication failed for user "postgres"
2026-05-16 14:25:37,937 | WARNING | app.websocket.sharekhan_ws | Provider status persistence skipped: password authentication failed for user "postgres"
2026-05-16 14:25:43,027 | WARNING | app.websocket.sharekhan_ws | Provider status persistence skipped: password authentication failed for user "postgres"
2026-05-16 14:25:48,125 | WARNING | app.websocket.sharekhan_ws | Provider status persistence skipped: password authentication failed for user "postgres"
2026-05-16 14:25:53,219 | WARNING | app.websocket.sharekhan_ws | Provider status persistence skipped: password authentication failed for user "postgres"
2026-05-16 14:25:58,319 | WARNING | app.websocket.sharekhan_ws | Provider status persistence skipped: password authentication failed for user "postgres"
2026-05-16 14:26:03,441 | WARNING | app.websocket.sharekhan_ws | Provider status persistence skipped: password authentication failed for user "postgres"
2026-05-16 14:26:08,535 | WARNING | app.websocket.sharekhan_ws | Provider status persistence skipped: password authentication failed for user "postgres"
2026-05-16 14:26:13,659 | WARNING | app.websocket.sharekhan_ws | Provider status persistence skipped: password authentication failed for user "postgres"
2026-05-16 14:26:18,789 | WARNING | app.websocket.sharekhan_ws | Provider status persistence skipped: password authentication failed for user "postgres"
2026-05-16 14:26:23,907 | WARNING | app.websocket.sharekhan_ws | Provider status persistence skipped: password authentication failed for user "postgres"
2026-05-16 14:26:29,048 | WARNING | app.websocket.sharekhan_ws | Provider status persistence skipped: password authentication failed for user "postgres"
2026-05-16 14:26:34,190 | WARNING | app.websocket.sharekhan_ws | Provider status persistence skipped: password authentication failed for user "postgres"
2026-05-16 14:26:40,066 | WARNING | app.websocket.sharekhan_ws | Provider status persistence skipped: password authentication failed for user "postgres"
2026-05-16 14:26:45,193 | WARNING | app.websocket.sharekhan_ws | Provider status persistence skipped: password authentication failed for user "postgres"
2026-05-16 14:26:50,302 | WARNING | app.websocket.sharekhan_ws | Provider status persistence skipped: password authentication failed for user "postgres"
2026-05-16 14:26:55,395 | WARNING | app.websocket.sharekhan_ws | Provider status persistence skipped: password authentication failed for user "postgres"
2026-05-16 14:27:00,491 | WARNING | app.websocket.sharekhan_ws | Provider status persistence skipped: password authentication failed for user "postgres"
2026-05-16 14:27:05,706 | WARNING | app.websocket.sharekhan_ws | Provider status persistence skipped: password authentication failed for user "postgres"
2026-05-16 14:27:10,850 | WARNING | app.websocket.sharekhan_ws | Provider status persistence skipped: password authentication failed for user "postgres"
2026-05-16 14:27:16,000 | WARNING | app.websocket.sharekhan_ws | Provider status persistence skipped: password authentication failed for user "postgres"
2026-05-16 14:27:21,118 | WARNING | app.websocket.sharekhan_ws | Provider status persistence skipped: password authentication failed for user "postgres"
2026-05-16 14:27:26,231 | WARNING | app.websocket.sharekhan_ws | Provider status persistence skipped: password authentication failed for user "postgres"
2026-05-16 14:27:31,349 | WARNING | app.websocket.sharekhan_ws | Provider status persistence skipped: password authentication failed for user "postgres"
2026-05-16 14:27:36,454 | WARNING | app.websocket.sharekhan_ws | Provider status persistence skipped: password authentication failed for user "postgres"
2026-05-16 14:27:41,591 | WARNING | app.websocket.sharekhan_ws | Provider status persistence skipped: password authentication failed for user "postgres"
2026-05-16 14:27:46,738 | WARNING | app.websocket.sharekhan_ws | Provider status persistence skipped: password authentication failed for user "postgres"
2026-05-16 14:27:51,861 | WARNING | app.websocket.sharekhan_ws | Provider status persistence skipped: password authentication failed for user "postgres"
2026-05-16 14:27:56,977 | WARNING | app.websocket.sharekhan_ws | Provider status persistence skipped: password authentication failed for user "postgres"
2026-05-16 14:28:02,070 | WARNING | app.websocket.sharekhan_ws | Provider status persistence skipped: password authentication failed for user "postgres"
2026-05-16 14:28:07,188 | WARNING | app.websocket.sharekhan_ws | Provider status persistence skipped: password authentication failed for user "postgres"
2026-05-16 14:28:12,297 | WARNING | app.websocket.sharekhan_ws | Provider status persistence skipped: password authentication failed for user "postgres"
2026-05-16 14:28:17,431 | WARNING | app.websocket.sharekhan_ws | Provider status persistence skipped: password authentication failed for user "postgres"
2026-05-16 14:28:22,578 | WARNING | app.websocket.sharekhan_ws | Provider status persistence skipped: password authentication failed for user "postgres"
2026-05-16 14:28:27,759 | WARNING | app.websocket.sharekhan_ws | Provider status persistence skipped: password authentication failed for user "postgres"
2026-05-16 14:28:32,876 | WARNING | app.websocket.sharekhan_ws | Provider status persistence skipped: password authentication failed for user "postgres"
2026-05-16 14:28:38,902 | WARNING | app.websocket.sharekhan_ws | Provider status persistence skipped: password authentication failed for user "postgres"
2026-05-16 14:28:44,014 | WARNING | app.websocket.sharekhan_ws | Provider status persistence skipped: password authentication failed for user "postgres"
2026-05-16 14:28:49,113 | WARNING | app.websocket.sharekhan_ws | Provider status persistence skipped: password authentication failed for user "postgres"
2026-05-16 14:28:54,216 | WARNING | app.websocket.sharekhan_ws | Provider status persistence skipped: password authentication failed for user "postgres"
2026-05-16 14:28:59,314 | WARNING | app.websocket.sharekhan_ws | Provider status persistence skipped: password authentication failed for user "postgres"
2026-05-16 14:29:04,417 | WARNING | app.websocket.sharekhan_ws | Provider status persistence skipped: password authentication failed for user "postgres"
2026-05-16 14:29:09,580 | WARNING | app.websocket.sharekhan_ws | Provider status persistence skipped: password authentication failed for user "postgres"
2026-05-16 14:29:14,691 | WARNING | app.websocket.sharekhan_ws | Provider status persistence skipped: password authentication failed for user "postgres"
2026-05-16 14:29:19,920 | WARNING | app.websocket.sharekhan_ws | Provider status persistence skipped: password authentication failed for user "postgres"
2026-05-16 14:29:25,094 | WARNING | app.websocket.sharekhan_ws | Provider status persistence skipped: password authentication failed for user "postgres"
2026-05-16 14:29:30,218 | WARNING | app.websocket.sharekhan_ws | Provider status persistence skipped: password authentication failed for user "postgres"
2026-05-16 14:29:35,328 | WARNING | app.websocket.sharekhan_ws | Provider status persistence skipped: password authentication failed for user "postgres"
2026-05-16 14:29:40,426 | WARNING | app.websocket.sharekhan_ws | Provider status persistence skipped: password authentication failed for user "postgres"
2026-05-16 14:29:45,585 | WARNING | app.websocket.sharekhan_ws | Provider status persistence skipped: password authentication failed for user "postgres"
2026-05-16 14:29:50,836 | WARNING | app.websocket.sharekhan_ws | Provider status persistence skipped: password authentication failed for user "postgres"
2026-05-16 14:29:55,944 | WARNING | app.websocket.sharekhan_ws | Provider status persistence skipped: password authentication failed for user "postgres"
2026-05-16 14:30:01,039 | WARNING | app.websocket.sharekhan_ws | Provider status persistence skipped: password authentication failed for user "postgres"
2026-05-16 14:30:06,238 | WARNING | app.websocket.sharekhan_ws | Provider status persistence skipped: password authentication failed for user "postgres"
2026-05-16 14:30:11,383 | WARNING | app.websocket.sharekhan_ws | Provider status persistence skipped: password authentication failed for user "postgres"
2026-05-16 14:30:16,509 | WARNING | app.websocket.sharekhan_ws | Provider status persistence skipped: password authentication failed for user "postgres"
2026-05-16 14:30:21,654 | WARNING | app.websocket.sharekhan_ws | Provider status persistence skipped: password authentication failed for user "postgres"
2026-05-16 14:30:26,756 | WARNING | app.websocket.sharekhan_ws | Provider status persistence skipped: password authentication failed for user "postgres"
2026-05-16 14:30:31,886 | WARNING | app.websocket.sharekhan_ws | Provider status persistence skipped: password authentication failed for user "postgres"
2026-05-16 14:30:37,061 | WARNING | app.websocket.sharekhan_ws | Provider status persistence skipped: password authentication failed for user "postgres"
2026-05-16 14:30:42,238 | WARNING | app.websocket.sharekhan_ws | Provider status persistence skipped: password authentication failed for user "postgres"
2026-05-16 14:30:47,644 | WARNING | app.websocket.sharekhan_ws | Provider status persistence skipped: password authentication failed for user "postgres"
2026-05-16 14:30:52,872 | WARNING | app.websocket.sharekhan_ws | Provider status persistence skipped: password authentication failed for user "postgres"
2026-05-16 14:30:57,999 | WARNING | app.websocket.sharekhan_ws | Provider status persistence skipped: password authentication failed for user "postgres"
2026-05-16 14:31:03,180 | WARNING | app.websocket.sharekhan_ws | Provider status persistence skipped: password authentication failed for user "postgres"
2026-05-16 14:31:08,420 | WARNING | app.websocket.sharekhan_ws | Provider status persistence skipped: password authentication failed for user "postgres"
2026-05-16 14:31:13,520 | WARNING | app.websocket.sharekhan_ws | Provider status persistence skipped: password authentication failed for user "postgres"
2026-05-16 14:31:18,746 | WARNING | app.websocket.sharekhan_ws | Provider status persistence skipped: password authentication failed for user "postgres"
2026-05-16 14:31:23,963 | WARNING | app.websocket.sharekhan_ws | Provider status persistence skipped: password authentication failed for user "postgres"
2026-05-16 14:31:29,098 | WARNING | app.websocket.sharekhan_ws | Provider status persistence skipped: password authentication failed for user "postgres"
2026-05-16 14:31:34,576 | WARNING | app.websocket.sharekhan_ws | Provider status persistence skipped: password authentication failed for user "postgres"
2026-05-16 14:31:39,728 | WARNING | app.websocket.sharekhan_ws | Provider status persistence skipped: password authentication failed for user "postgres"
2026-05-16 14:31:44,870 | WARNING | app.websocket.sharekhan_ws | Provider status persistence skipped: password authentication failed for user "postgres"
2026-05-16 14:31:50,036 | WARNING | app.websocket.sharekhan_ws | Provider status persistence skipped: password authentication failed for user "postgres"
2026-05-16 14:31:55,157 | WARNING | app.websocket.sharekhan_ws | Provider status persistence skipped: password authentication failed for user "postgres"
2026-05-16 14:32:00,730 | WARNING | app.websocket.sharekhan_ws | Provider status persistence skipped: password authentication failed for user "postgres"
2026-05-16 14:32:07,193 | WARNING | app.websocket.sharekhan_ws | Provider status persistence skipped: password authentication failed for user "postgres"
2026-05-16 14:32:13,058 | WARNING | app.websocket.sharekhan_ws | Provider status persistence skipped: password authentication failed for user "postgres"
2026-05-16 14:32:18,824 | WARNING | app.websocket.sharekhan_ws | Provider status persistence skipped: password authentication failed for user "postgres"
2026-05-16 14:32:24,667 | WARNING | app.websocket.sharekhan_ws | Provider status persistence skipped: password authentication failed for user "postgres"
2026-05-16 14:32:30,035 | WARNING | app.websocket.sharekhan_ws | Provider status persistence skipped: password authentication failed for user "postgres"
2026-05-16 14:32:35,774 | WARNING | app.websocket.sharekhan_ws | Provider status persistence skipped: password authentication failed for user "postgres"
2026-05-16 14:32:41,763 | WARNING | app.websocket.sharekhan_ws | Provider status persistence skipped: password authentication failed for user "postgres"
2026-05-16 14:32:47,373 | WARNING | app.websocket.sharekhan_ws | Provider status persistence skipped: password authentication failed for user "postgres"
2026-05-16 14:32:52,933 | WARNING | app.websocket.sharekhan_ws | Provider status persistence skipped: password authentication failed for user "postgres"
2026-05-16 14:32:58,798 | WARNING | app.websocket.sharekhan_ws | Provider status persistence skipped: password authentication failed for user "postgres"
2026-05-16 14:33:05,065 | WARNING | app.websocket.sharekhan_ws | Provider status persistence skipped: password authentication failed for user "postgres"
2026-05-16 14:33:11,143 | WARNING | app.websocket.sharekhan_ws | Provider status persistence skipped: password authentication failed for user "postgres"
2026-05-16 14:33:17,233 | WARNING | app.websocket.sharekhan_ws | Provider status persistence skipped: password authentication failed for user "postgres"
2026-05-16 14:33:24,884 | WARNING | app.websocket.sharekhan_ws | Provider status persistence skipped: password authentication failed for user "postgres"
2026-05-16 14:33:30,736 | WARNING | app.websocket.sharekhan_ws | Provider status persistence skipped: password authentication failed for user "postgres"
2026-05-16 14:33:36,773 | WARNING | app.websocket.sharekhan_ws | Provider status persistence skipped: password authentication failed for user "postgres"
2026-05-16 14:33:42,584 | WARNING | app.websocket.sharekhan_ws | Provider status persistence skipped: password authentication failed for user "postgres"
2026-05-16 14:33:48,259 | WARNING | app.websocket.sharekhan_ws | Provider status persistence skipped: password authentication failed for user "postgres"
2026-05-16 14:33:53,964 | WARNING | app.websocket.sharekhan_ws | Provider status persistence skipped: password authentication failed for user "postgres"
2026-05-16 14:34:00,254 | WARNING | app.websocket.sharekhan_ws | Provider status persistence skipped: password authentication failed for user "postgres"
2026-05-16 14:34:05,987 | WARNING | app.websocket.sharekhan_ws | Provider status persistence skipped: password authentication failed for user "postgres"
2026-05-16 14:34:12,545 | WARNING | app.websocket.sharekhan_ws | Provider status persistence skipped: password authentication failed for user "postgres"
2026-05-16 14:34:19,274 | WARNING | app.websocket.sharekhan_ws | Provider status persistence skipped: password authentication failed for user "postgres"
2026-05-16 14:34:25,061 | WARNING | app.websocket.sharekhan_ws | Provider status persistence skipped: password authentication failed for user "postgres"
2026-05-16 14:34:30,802 | WARNING | app.websocket.sharekhan_ws | Provider status persistence skipped: password authentication failed for user "postgres"
2026-05-16 14:34:36,601 | WARNING | app.websocket.sharekhan_ws | Provider status persistence skipped: password authentication failed for user "postgres"
2026-05-16 14:34:41,760 | WARNING | app.websocket.sharekhan_ws | Provider status persistence skipped: password authentication failed for user "postgres"
2026-05-16 14:34:47,211 | WARNING | app.websocket.sharekhan_ws | Provider status persistence skipped: password authentication failed for user "postgres"
2026-05-16 14:34:52,977 | WARNING | app.websocket.sharekhan_ws | Provider status persistence skipped: password authentication failed for user "postgres"
2026-05-16 14:34:58,692 | WARNING | app.websocket.sharekhan_ws | Provider status persistence skipped: password authentication failed for user "postgres"
2026-05-16 14:35:04,588 | WARNING | app.websocket.sharekhan_ws | Provider status persistence skipped: password authentication failed for user "postgres"
2026-05-16 14:35:10,051 | WARNING | app.websocket.sharekhan_ws | Provider status persistence skipped: password authentication failed for user "postgres"
2026-05-16 14:35:15,387 | WARNING | app.websocket.sharekhan_ws | Provider status persistence skipped: password authentication failed for user "postgres"
2026-05-16 14:35:21,268 | WARNING | app.websocket.sharekhan_ws | Provider status persistence skipped: password authentication failed for user "postgres"
2026-05-16 14:35:26,594 | WARNING | app.websocket.sharekhan_ws | Provider status persistence skipped: password authentication failed for user "postgres"
2026-05-16 14:35:31,960 | WARNING | app.websocket.sharekhan_ws | Provider status persistence skipped: password authentication failed for user "postgres"
2026-05-16 14:35:37,256 | WARNING | app.websocket.sharekhan_ws | Provider status persistence skipped: password authentication failed for user "postgres"
2026-05-16 14:35:42,459 | WARNING | app.websocket.sharekhan_ws | Provider status persistence skipped: password authentication failed for user "postgres"
2026-05-16 14:35:47,925 | WARNING | app.websocket.sharekhan_ws | Provider status persistence skipped: password authentication failed for user "postgres"
2026-05-16 14:35:53,577 | WARNING | app.websocket.sharekhan_ws | Provider status persistence skipped: password authentication failed for user "postgres"
2026-05-16 14:35:58,809 | WARNING | app.websocket.sharekhan_ws | Provider status persistence skipped: password authentication failed for user "postgres"
2026-05-16 14:36:03,969 | WARNING | app.websocket.sharekhan_ws | Provider status persistence skipped: password authentication failed for user "postgres"
2026-05-16 14:36:09,682 | WARNING | app.websocket.sharekhan_ws | Provider status persistence skipped: password authentication failed for user "postgres"
2026-05-16 14:36:15,064 | WARNING | app.websocket.sharekhan_ws | Provider status persistence skipped: password authentication failed for user "postgres"
2026-05-16 14:36:21,058 | WARNING | app.websocket.sharekhan_ws | Provider status persistence skipped: password authentication failed for user "postgres"
2026-05-16 14:36:26,756 | WARNING | app.websocket.sharekhan_ws | Provider status persistence skipped: password authentication failed for user "postgres"
2026-05-16 14:36:32,033 | WARNING | app.websocket.sharekhan_ws | Provider status persistence skipped: password authentication failed for user "postgres"
2026-05-16 14:36:37,746 | WARNING | app.websocket.sharekhan_ws | Provider status persistence skipped: password authentication failed for user "postgres"
2026-05-16 14:36:43,366 | WARNING | app.websocket.sharekhan_ws | Provider status persistence skipped: password authentication failed for user "postgres"
2026-05-16 14:36:48,566 | WARNING | app.websocket.sharekhan_ws | Provider status persistence skipped: password authentication failed for user "postgres"
2026-05-16 14:36:53,783 | WARNING | app.websocket.sharekhan_ws | Provider status persistence skipped: password authentication failed for user "postgres"
2026-05-16 14:36:59,035 | WARNING | app.websocket.sharekhan_ws | Provider status persistence skipped: password authentication failed for user "postgres"
2026-05-16 14:37:04,227 | WARNING | app.websocket.sharekhan_ws | Provider status persistence skipped: password authentication failed for user "postgres"
2026-05-16 14:37:09,928 | WARNING | app.websocket.sharekhan_ws | Provider status persistence skipped: password authentication failed for user "postgres"
2026-05-16 14:37:15,318 | WARNING | app.websocket.sharekhan_ws | Provider status persistence skipped: password authentication failed for user "postgres"
2026-05-16 14:37:21,124 | WARNING | app.websocket.sharekhan_ws | Provider status persistence skipped: password authentication failed for user "postgres"
2026-05-16 14:37:26,346 | WARNING | app.websocket.sharekhan_ws | Provider status persistence skipped: password authentication failed for user "postgres"
2026-05-16 14:37:31,484 | WARNING | app.websocket.sharekhan_ws | Provider status persistence skipped: password authentication failed for user "postgres"
2026-05-16 14:37:36,906 | WARNING | app.websocket.sharekhan_ws | Provider status persistence skipped: password authentication failed for user "postgres"
2026-05-16 14:37:42,499 | WARNING | app.websocket.sharekhan_ws | Provider status persistence skipped: password authentication failed for user "postgres"
2026-05-16 14:37:48,065 | WARNING | app.websocket.sharekhan_ws | Provider status persistence skipped: password authentication failed for user "postgres"
2026-05-16 14:37:53,612 | WARNING | app.websocket.sharekhan_ws | Provider status persistence skipped: password authentication failed for user "postgres"
2026-05-16 14:37:59,568 | WARNING | app.websocket.sharekhan_ws | Provider status persistence skipped: password authentication failed for user "postgres"
2026-05-16 14:38:05,621 | WARNING | app.websocket.sharekhan_ws | Provider status persistence skipped: password authentication failed for user "postgres"
2026-05-16 14:38:11,650 | WARNING | app.websocket.sharekhan_ws | Provider status persistence skipped: password authentication failed for user "postgres"
2026-05-16 14:38:16,982 | WARNING | app.websocket.sharekhan_ws | Provider status persistence skipped: password authentication failed for user "postgres"
2026-05-16 14:38:22,394 | WARNING | app.websocket.sharekhan_ws | Provider status persistence skipped: password authentication failed for user "postgres"
2026-05-16 14:38:28,319 | WARNING | app.websocket.sharekhan_ws | Provider status persistence skipped: password authentication failed for user "postgres"
2026-05-16 14:38:34,281 | WARNING | app.websocket.sharekhan_ws | Provider status persistence skipped: password authentication failed for user "postgres"
2026-05-16 14:38:39,432 | WARNING | app.websocket.sharekhan_ws | Provider status persistence skipped: password authentication failed for user "postgres"
2026-05-16 14:38:45,043 | WARNING | app.websocket.sharekhan_ws | Provider status persistence skipped: password authentication failed for user "postgres"
2026-05-16 14:38:50,854 | WARNING | app.websocket.sharekhan_ws | Provider status persistence skipped: password authentication failed for user "postgres"
2026-05-16 14:38:56,187 | WARNING | app.websocket.sharekhan_ws | Provider status persistence skipped: password authentication failed for user "postgres"
2026-05-16 14:39:01,475 | WARNING | app.websocket.sharekhan_ws | Provider status persistence skipped: password authentication failed for user "postgres"
2026-05-16 14:39:07,558 | WARNING | app.websocket.sharekhan_ws | Provider status persistence skipped: password authentication failed for user "postgres"
2026-05-16 14:39:13,379 | WARNING | app.websocket.sharekhan_ws | Provider status persistence skipped: password authentication failed for user "postgres"
2026-05-16 14:39:18,755 | WARNING | app.websocket.sharekhan_ws | Provider status persistence skipped: password authentication failed for user "postgres"
2026-05-16 14:39:24,587 | WARNING | app.websocket.sharekhan_ws | Provider status persistence skipped: password authentication failed for user "postgres"
2026-05-16 14:39:29,788 | WARNING | app.websocket.sharekhan_ws | Provider status persistence skipped: password authentication failed for user "postgres"
2026-05-16 14:39:35,087 | WARNING | app.websocket.sharekhan_ws | Provider status persistence skipped: password authentication failed for user "postgres"
2026-05-16 14:39:40,243 | WARNING | app.websocket.sharekhan_ws | Provider status persistence skipped: password authentication failed for user "postgres"
2026-05-16 14:39:45,972 | WARNING | app.websocket.sharekhan_ws | Provider status persistence skipped: password authentication failed for user "postgres"
2026-05-16 14:39:51,777 | WARNING | app.websocket.sharekhan_ws | Provider status persistence skipped: password authentication failed for user "postgres"
2026-05-16 14:39:57,869 | WARNING | app.websocket.sharekhan_ws | Provider status persistence skipped: password authentication failed for user "postgres"
2026-05-16 14:40:03,344 | WARNING | app.websocket.sharekhan_ws | Provider status persistence skipped: password authentication failed for user "postgres"
2026-05-16 14:40:08,980 | WARNING | app.websocket.sharekhan_ws | Provider status persistence skipped: password authentication failed for user "postgres"
2026-05-16 14:40:14,153 | WARNING | app.websocket.sharekhan_ws | Provider status persistence skipped: password authentication failed for user "postgres"
2026-05-16 14:40:20,034 | WARNING | app.websocket.sharekhan_ws | Provider status persistence skipped: password authentication failed for user "postgres"
2026-05-16 14:40:25,965 | WARNING | app.websocket.sharekhan_ws | Provider status persistence skipped: password authentication failed for user "postgres"
2026-05-16 14:40:31,217 | WARNING | app.websocket.sharekhan_ws | Provider status persistence skipped: password authentication failed for user "postgres"
2026-05-16 14:40:36,357 | WARNING | app.websocket.sharekhan_ws | Provider status persistence skipped: password authentication failed for user "postgres"
2026-05-16 14:40:41,707 | WARNING | app.websocket.sharekhan_ws | Provider status persistence skipped: password authentication failed for user "postgres"
2026-05-16 14:40:47,167 | WARNING | app.websocket.sharekhan_ws | Provider status persistence skipped: password authentication failed for user "postgres"
2026-05-16 14:40:52,422 | WARNING | app.websocket.sharekhan_ws | Provider status persistence skipped: password authentication failed for user "postgres"
2026-05-16 14:40:58,027 | WARNING | app.websocket.sharekhan_ws | Provider status persistence skipped: password authentication failed for user "postgres"
2026-05-16 14:41:03,591 | WARNING | app.websocket.sharekhan_ws | Provider status persistence skipped: password authentication failed for user "postgres"
2026-05-16 14:41:09,619 | WARNING | app.websocket.sharekhan_ws | Provider status persistence skipped: password authentication failed for user "postgres"
2026-05-16 14:41:15,114 | WARNING | app.websocket.sharekhan_ws | Provider status persistence skipped: password authentication failed for user "postgres"
2026-05-16 14:41:20,690 | WARNING | app.websocket.sharekhan_ws | Provider status persistence skipped: password authentication failed for user "postgres"
2026-05-16 14:41:26,231 | WARNING | app.websocket.sharekhan_ws | Provider status persistence skipped: password authentication failed for user "postgres"
2026-05-16 14:41:31,855 | WARNING | app.websocket.sharekhan_ws | Provider status persistence skipped: password authentication failed for user "postgres"
2026-05-16 14:41:37,047 | WARNING | app.websocket.sharekhan_ws | Provider status persistence skipped: password authentication failed for user "postgres"
2026-05-16 14:41:42,480 | WARNING | app.websocket.sharekhan_ws | Provider status persistence skipped: password authentication failed for user "postgres"
2026-05-16 14:41:47,934 | WARNING | app.websocket.sharekhan_ws | Provider status persistence skipped: password authentication failed for user "postgres"
2026-05-16 14:41:53,419 | WARNING | app.websocket.sharekhan_ws | Provider status persistence skipped: password authentication failed for user "postgres"
2026-05-16 14:41:58,523 | WARNING | app.websocket.sharekhan_ws | Provider status persistence skipped: password authentication failed for user "postgres"
2026-05-16 14:42:03,730 | WARNING | app.websocket.sharekhan_ws | Provider status persistence skipped: password authentication failed for user "postgres"
2026-05-16 14:42:09,390 | WARNING | app.websocket.sharekhan_ws | Provider status persistence skipped: password authentication failed for user "postgres"
2026-05-16 14:42:14,597 | WARNING | app.websocket.sharekhan_ws | Provider status persistence skipped: password authentication failed for user "postgres"
2026-05-16 14:42:19,750 | WARNING | app.websocket.sharekhan_ws | Provider status persistence skipped: password authentication failed for user "postgres"
2026-05-16 14:42:25,219 | WARNING | app.websocket.sharekhan_ws | Provider status persistence skipped: password authentication failed for user "postgres"
2026-05-16 14:42:30,756 | WARNING | app.websocket.sharekhan_ws | Provider status persistence skipped: password authentication failed for user "postgres"
2026-05-16 14:42:35,863 | WARNING | app.websocket.sharekhan_ws | Provider status persistence skipped: password authentication failed for user "postgres"
2026-05-16 14:42:40,971 | WARNING | app.websocket.sharekhan_ws | Provider status persistence skipped: password authentication failed for user "postgres"
2026-05-16 14:42:46,369 | WARNING | app.websocket.sharekhan_ws | Provider status persistence skipped: password authentication failed for user "postgres"
2026-05-16 14:42:51,803 | WARNING | app.websocket.sharekhan_ws | Provider status persistence skipped: password authentication failed for user "postgres"
2026-05-16 14:42:57,136 | WARNING | app.websocket.sharekhan_ws | Provider status persistence skipped: password authentication failed for user "postgres"
2026-05-16 14:43:02,380 | WARNING | app.websocket.sharekhan_ws | Provider status persistence skipped: password authentication failed for user "postgres"
2026-05-16 14:43:08,694 | WARNING | app.websocket.sharekhan_ws | Provider status persistence skipped: password authentication failed for user "postgres"
2026-05-16 14:43:14,451 | WARNING | app.websocket.sharekhan_ws | Provider status persistence skipped: password authentication failed for user "postgres"
2026-05-16 14:43:20,022 | WARNING | app.websocket.sharekhan_ws | Provider status persistence skipped: password authentication failed for user "postgres"
2026-05-16 14:43:25,779 | WARNING | app.websocket.sharekhan_ws | Provider status persistence skipped: password authentication failed for user "postgres"
2026-05-16 14:43:31,421 | WARNING | app.websocket.sharekhan_ws | Provider status persistence skipped: password authentication failed for user "postgres"
2026-05-16 14:43:36,596 | WARNING | app.websocket.sharekhan_ws | Provider status persistence skipped: password authentication failed for user "postgres"
2026-05-16 14:43:42,468 | WARNING | app.websocket.sharekhan_ws | Provider status persistence skipped: password authentication failed for user "postgres"
2026-05-16 14:43:47,754 | WARNING | app.websocket.sharekhan_ws | Provider status persistence skipped: password authentication failed for user "postgres"
2026-05-16 14:43:53,209 | WARNING | app.websocket.sharekhan_ws | Provider status persistence skipped: password authentication failed for user "postgres"
2026-05-16 14:43:58,580 | WARNING | app.websocket.sharekhan_ws | Provider status persistence skipped: password authentication failed for user "postgres"
2026-05-16 14:44:03,894 | WARNING | app.websocket.sharekhan_ws | Provider status persistence skipped: password authentication failed for user "postgres"
2026-05-16 14:44:09,151 | WARNING | app.websocket.sharekhan_ws | Provider status persistence skipped: password authentication failed for user "postgres"
2026-05-16 14:44:14,260 | WARNING | app.websocket.sharekhan_ws | Provider status persistence skipped: password authentication failed for user "postgres"
2026-05-16 14:44:19,467 | WARNING | app.websocket.sharekhan_ws | Provider status persistence skipped: password authentication failed for user "postgres"
2026-05-16 14:44:25,248 | WARNING | app.websocket.sharekhan_ws | Provider status persistence skipped: password authentication failed for user "postgres"
2026-05-16 14:44:31,118 | WARNING | app.websocket.sharekhan_ws | Provider status persistence skipped: password authentication failed for user "postgres"
2026-05-16 14:44:36,357 | WARNING | app.websocket.sharekhan_ws | Provider status persistence skipped: password authentication failed for user "postgres"
2026-05-16 14:44:41,517 | WARNING | app.websocket.sharekhan_ws | Provider status persistence skipped: password authentication failed for user "postgres"
2026-05-16 14:44:46,678 | WARNING | app.websocket.sharekhan_ws | Provider status persistence skipped: password authentication failed for user "postgres"
2026-05-16 14:44:52,178 | WARNING | app.websocket.sharekhan_ws | Provider status persistence skipped: password authentication failed for user "postgres"
2026-05-16 14:44:57,453 | WARNING | app.websocket.sharekhan_ws | Provider status persistence skipped: password authentication failed for user "postgres"
2026-05-16 14:45:02,862 | WARNING | app.websocket.sharekhan_ws | Provider status persistence skipped: password authentication failed for user "postgres"
2026-05-16 14:45:08,459 | WARNING | app.websocket.sharekhan_ws | Provider status persistence skipped: password authentication failed for user "postgres"
2026-05-16 14:45:13,997 | WARNING | app.websocket.sharekhan_ws | Provider status persistence skipped: password authentication failed for user "postgres"
2026-05-16 14:45:19,577 | WARNING | app.websocket.sharekhan_ws | Provider status persistence skipped: password authentication failed for user "postgres"
2026-05-16 14:45:24,872 | WARNING | app.websocket.sharekhan_ws | Provider status persistence skipped: password authentication failed for user "postgres"
2026-05-16 14:45:30,539 | WARNING | app.websocket.sharekhan_ws | Provider status persistence skipped: password authentication failed for user "postgres"
2026-05-16 14:45:36,310 | WARNING | app.websocket.sharekhan_ws | Provider status persistence skipped: password authentication failed for user "postgres"
2026-05-16 14:45:41,791 | WARNING | app.websocket.sharekhan_ws | Provider status persistence skipped: password authentication failed for user "postgres"
2026-05-16 14:45:46,926 | WARNING | app.websocket.sharekhan_ws | Provider status persistence skipped: password authentication failed for user "postgres"
2026-05-16 14:45:52,024 | WARNING | app.websocket.sharekhan_ws | Provider status persistence skipped: password authentication failed for user "postgres"
2026-05-16 14:45:57,189 | WARNING | app.websocket.sharekhan_ws | Provider status persistence skipped: password authentication failed for user "postgres"
2026-05-16 14:46:02,679 | WARNING | app.websocket.sharekhan_ws | Provider status persistence skipped: password authentication failed for user "postgres"
2026-05-16 14:46:07,954 | WARNING | app.websocket.sharekhan_ws | Provider status persistence skipped: password authentication failed for user "postgres"
2026-05-16 14:46:13,253 | WARNING | app.websocket.sharekhan_ws | Provider status persistence skipped: password authentication failed for user "postgres"
2026-05-16 14:46:19,158 | WARNING | app.websocket.sharekhan_ws | Provider status persistence skipped: password authentication failed for user "postgres"
2026-05-16 14:46:24,616 | WARNING | app.websocket.sharekhan_ws | Provider status persistence skipped: password authentication failed for user "postgres"
2026-05-16 14:46:29,829 | WARNING | app.websocket.sharekhan_ws | Provider status persistence skipped: password authentication failed for user "postgres"
2026-05-16 14:46:36,070 | WARNING | app.websocket.sharekhan_ws | Provider status persistence skipped: password authentication failed for user "postgres"
2026-05-16 14:46:41,618 | WARNING | app.websocket.sharekhan_ws | Provider status persistence skipped: password authentication failed for user "postgres"
2026-05-16 14:46:46,758 | WARNING | app.websocket.sharekhan_ws | Provider status persistence skipped: password authentication failed for user "postgres"
2026-05-16 14:46:53,179 | WARNING | app.websocket.sharekhan_ws | Provider status persistence skipped: password authentication failed for user "postgres"
2026-05-16 14:46:58,329 | WARNING | app.websocket.sharekhan_ws | Provider status persistence skipped: password authentication failed for user "postgres"
2026-05-16 14:47:03,795 | WARNING | app.websocket.sharekhan_ws | Provider status persistence skipped: password authentication failed for user "postgres"
2026-05-16 14:47:09,775 | WARNING | app.websocket.sharekhan_ws | Provider status persistence skipped: password authentication failed for user "postgres"
2026-05-16 14:47:15,515 | WARNING | app.websocket.sharekhan_ws | Provider status persistence skipped: password authentication failed for user "postgres"
2026-05-16 14:47:21,000 | WARNING | app.websocket.sharekhan_ws | Provider status persistence skipped: password authentication failed for user "postgres"
2026-05-16 14:47:26,756 | WARNING | app.websocket.sharekhan_ws | Provider status persistence skipped: password authentication failed for user "postgres"
2026-05-16 14:47:32,825 | WARNING | app.websocket.sharekhan_ws | Provider status persistence skipped: password authentication failed for user "postgres"
2026-05-16 14:47:38,036 | WARNING | app.websocket.sharekhan_ws | Provider status persistence skipped: password authentication failed for user "postgres"
2026-05-16 14:47:43,378 | WARNING | app.websocket.sharekhan_ws | Provider status persistence skipped: password authentication failed for user "postgres"
2026-05-16 14:47:48,827 | WARNING | app.websocket.sharekhan_ws | Provider status persistence skipped: password authentication failed for user "postgres"
2026-05-16 14:47:54,271 | WARNING | app.websocket.sharekhan_ws | Provider status persistence skipped: password authentication failed for user "postgres"
2026-05-16 14:48:00,024 | WARNING | app.websocket.sharekhan_ws | Provider status persistence skipped: password authentication failed for user "postgres"
2026-05-16 14:48:05,511 | WARNING | app.websocket.sharekhan_ws | Provider status persistence skipped: password authentication failed for user "postgres"
2026-05-16 14:48:10,702 | WARNING | app.websocket.sharekhan_ws | Provider status persistence skipped: password authentication failed for user "postgres"
2026-05-16 14:48:16,265 | WARNING | app.websocket.sharekhan_ws | Provider status persistence skipped: password authentication failed for user "postgres"
2026-05-16 14:48:21,690 | WARNING | app.websocket.sharekhan_ws | Provider status persistence skipped: password authentication failed for user "postgres"
2026-05-16 14:48:27,745 | WARNING | app.websocket.sharekhan_ws | Provider status persistence skipped: password authentication failed for user "postgres"
2026-05-16 14:48:33,200 | WARNING | app.websocket.sharekhan_ws | Provider status persistence skipped: password authentication failed for user "postgres"
2026-05-16 14:48:38,688 | WARNING | app.websocket.sharekhan_ws | Provider status persistence skipped: password authentication failed for user "postgres"
2026-05-16 14:48:44,067 | WARNING | app.websocket.sharekhan_ws | Provider status persistence skipped: password authentication failed for user "postgres"
2026-05-16 14:48:50,080 | WARNING | app.websocket.sharekhan_ws | Provider status persistence skipped: password authentication failed for user "postgres"
2026-05-16 14:48:55,937 | WARNING | app.websocket.sharekhan_ws | Provider status persistence skipped: password authentication failed for user "postgres"
2026-05-16 14:49:01,512 | WARNING | app.websocket.sharekhan_ws | Provider status persistence skipped: password authentication failed for user "postgres"
2026-05-16 14:49:06,969 | WARNING | app.websocket.sharekhan_ws | Provider status persistence skipped: password authentication failed for user "postgres"
2026-05-16 14:49:12,137 | WARNING | app.websocket.sharekhan_ws | Provider status persistence skipped: password authentication failed for user "postgres"
2026-05-16 14:49:17,743 | WARNING | app.websocket.sharekhan_ws | Provider status persistence skipped: password authentication failed for user "postgres"
2026-05-16 14:49:23,251 | WARNING | app.websocket.sharekhan_ws | Provider status persistence skipped: password authentication failed for user "postgres"
2026-05-16 14:49:29,192 | WARNING | app.websocket.sharekhan_ws | Provider status persistence skipped: password authentication failed for user "postgres"
2026-05-16 14:49:34,516 | WARNING | app.websocket.sharekhan_ws | Provider status persistence skipped: password authentication failed for user "postgres"
2026-05-16 14:49:40,491 | WARNING | app.websocket.sharekhan_ws | Provider status persistence skipped: password authentication failed for user "postgres"
2026-05-16 14:49:45,863 | WARNING | app.websocket.sharekhan_ws | Provider status persistence skipped: password authentication failed for user "postgres"
2026-05-16 14:49:51,474 | WARNING | app.websocket.sharekhan_ws | Provider status persistence skipped: password authentication failed for user "postgres"
2026-05-16 14:49:57,085 | WARNING | app.websocket.sharekhan_ws | Provider status persistence skipped: password authentication failed for user "postgres"
2026-05-16 14:50:02,637 | WARNING | app.websocket.sharekhan_ws | Provider status persistence skipped: password authentication failed for user "postgres"
2026-05-16 14:50:08,271 | WARNING | app.websocket.sharekhan_ws | Provider status persistence skipped: password authentication failed for user "postgres"
2026-05-16 14:50:13,704 | WARNING | app.websocket.sharekhan_ws | Provider status persistence skipped: password authentication failed for user "postgres"
2026-05-16 14:50:19,186 | WARNING | app.websocket.sharekhan_ws | Provider status persistence skipped: password authentication failed for user "postgres"
2026-05-16 14:50:24,641 | WARNING | app.websocket.sharekhan_ws | Provider status persistence skipped: password authentication failed for user "postgres"
2026-05-16 14:50:30,584 | WARNING | app.websocket.sharekhan_ws | Provider status persistence skipped: password authentication failed for user "postgres"
2026-05-16 14:50:35,757 | WARNING | app.websocket.sharekhan_ws | Provider status persistence skipped: password authentication failed for user "postgres"
2026-05-16 14:50:41,077 | WARNING | app.websocket.sharekhan_ws | Provider status persistence skipped: password authentication failed for user "postgres"
2026-05-16 14:50:46,705 | WARNING | app.websocket.sharekhan_ws | Provider status persistence skipped: password authentication failed for user "postgres"
2026-05-16 14:50:52,474 | WARNING | app.websocket.sharekhan_ws | Provider status persistence skipped: password authentication failed for user "postgres"
2026-05-16 14:50:57,636 | WARNING | app.websocket.sharekhan_ws | Provider status persistence skipped: password authentication failed for user "postgres"
2026-05-16 14:51:03,120 | WARNING | app.websocket.sharekhan_ws | Provider status persistence skipped: password authentication failed for user "postgres"
2026-05-16 14:51:08,280 | WARNING | app.websocket.sharekhan_ws | Provider status persistence skipped: password authentication failed for user "postgres"
2026-05-16 14:51:13,818 | WARNING | app.websocket.sharekhan_ws | Provider status persistence skipped: password authentication failed for user "postgres"
2026-05-16 14:51:19,415 | WARNING | app.websocket.sharekhan_ws | Provider status persistence skipped: password authentication failed for user "postgres"
2026-05-16 14:51:25,274 | WARNING | app.websocket.sharekhan_ws | Provider status persistence skipped: password authentication failed for user "postgres"
2026-05-16 14:51:30,829 | WARNING | app.websocket.sharekhan_ws | Provider status persistence skipped: password authentication failed for user "postgres"
2026-05-16 14:51:36,026 | WARNING | app.websocket.sharekhan_ws | Provider status persistence skipped: password authentication failed for user "postgres"
2026-05-16 14:51:41,731 | WARNING | app.websocket.sharekhan_ws | Provider status persistence skipped: password authentication failed for user "postgres"
2026-05-16 14:51:47,597 | WARNING | app.websocket.sharekhan_ws | Provider status persistence skipped: password authentication failed for user "postgres"
2026-05-16 14:51:53,119 | WARNING | app.websocket.sharekhan_ws | Provider status persistence skipped: password authentication failed for user "postgres"
2026-05-16 14:51:58,318 | WARNING | app.websocket.sharekhan_ws | Provider status persistence skipped: password authentication failed for user "postgres"
2026-05-16 14:52:03,864 | WARNING | app.websocket.sharekhan_ws | Provider status persistence skipped: password authentication failed for user "postgres"
2026-05-16 14:52:08,986 | WARNING | app.websocket.sharekhan_ws | Provider status persistence skipped: password authentication failed for user "postgres"
2026-05-16 14:52:14,403 | WARNING | app.websocket.sharekhan_ws | Provider status persistence skipped: password authentication failed for user "postgres"
2026-05-16 14:52:19,707 | WARNING | app.websocket.sharekhan_ws | Provider status persistence skipped: password authentication failed for user "postgres"
2026-05-16 14:52:25,062 | WARNING | app.websocket.sharekhan_ws | Provider status persistence skipped: password authentication failed for user "postgres"
2026-05-16 14:52:30,364 | WARNING | app.websocket.sharekhan_ws | Provider status persistence skipped: password authentication failed for user "postgres"
2026-05-16 14:52:35,829 | WARNING | app.websocket.sharekhan_ws | Provider status persistence skipped: password authentication failed for user "postgres"
2026-05-16 14:52:40,992 | WARNING | app.websocket.sharekhan_ws | Provider status persistence skipped: password authentication failed for user "postgres"
2026-05-16 14:52:46,762 | WARNING | app.websocket.sharekhan_ws | Provider status persistence skipped: password authentication failed for user "postgres"
2026-05-16 14:52:52,206 | WARNING | app.websocket.sharekhan_ws | Provider status persistence skipped: password authentication failed for user "postgres"
2026-05-16 14:52:57,428 | WARNING | app.websocket.sharekhan_ws | Provider status persistence skipped: password authentication failed for user "postgres"
2026-05-16 14:53:02,941 | WARNING | app.websocket.sharekhan_ws | Provider status persistence skipped: password authentication failed for user "postgres"
2026-05-16 14:53:08,212 | WARNING | app.websocket.sharekhan_ws | Provider status persistence skipped: password authentication failed for user "postgres"
2026-05-16 14:53:13,858 | WARNING | app.websocket.sharekhan_ws | Provider status persistence skipped: password authentication failed for user "postgres"
2026-05-16 14:53:19,260 | WARNING | app.websocket.sharekhan_ws | Provider status persistence skipped: password authentication failed for user "postgres"
2026-05-16 14:53:24,930 | WARNING | app.websocket.sharekhan_ws | Provider status persistence skipped: password authentication failed for user "postgres"
2026-05-16 14:53:30,255 | WARNING | app.websocket.sharekhan_ws | Provider status persistence skipped: password authentication failed for user "postgres"
2026-05-16 14:53:35,593 | WARNING | app.websocket.sharekhan_ws | Provider status persistence skipped: password authentication failed for user "postgres"
2026-05-16 14:53:40,792 | WARNING | app.websocket.sharekhan_ws | Provider status persistence skipped: password authentication failed for user "postgres"
2026-05-16 14:53:46,100 | WARNING | app.websocket.sharekhan_ws | Provider status persistence skipped: password authentication failed for user "postgres"
2026-05-16 14:53:51,400 | WARNING | app.websocket.sharekhan_ws | Provider status persistence skipped: password authentication failed for user "postgres"
2026-05-16 14:53:56,922 | WARNING | app.websocket.sharekhan_ws | Provider status persistence skipped: password authentication failed for user "postgres"
2026-05-16 14:54:02,483 | WARNING | app.websocket.sharekhan_ws | Provider status persistence skipped: password authentication failed for user "postgres"
2026-05-16 14:54:08,188 | WARNING | app.websocket.sharekhan_ws | Provider status persistence skipped: password authentication failed for user "postgres"
